English,Target,Predicted
ruuth,രൂത്ത്,റൌത്ത്
braayillaththathinaal,ബ്രായില്ലാത്തതിനാല്,ബ്രായില്ലാത്തതിനാൽ
gothanbundayirunnu,ഗോതമ്പുണ്ടായിരുന്നു,ഗോതന്ബുണ്ടായിരുന്നു
masaal,മസാല,മസാൽ
vazhikalilude,വഴികളിലൂടെ,വഴികളിലുടെ
vidyarthinikal,വിദ്യാർത്ഥിനികൾ,വിദ്യർത്തിനികൾ
allathe,അല്ലാതെ,അള്ളത്ത
kontirikkukayum,കൊണ്ടിരിക്കുകയും,കൊന്തിരിക്കുകയും
fuedaal,ഫ്യൂഡൽ,ഫേയാദാ
ddeshichhathinalan,ദ്ദേശിച്ചതിനാലാണ്,ദ്ദേശിച്ചതിനല്നൻ
visfotanam,വിസ്ഫോടനം,വിസ്ഫോടണം
shimgeri,ശിംഗേരി,ഷിംഗ്രി
mel,മെയിൽ,മേൽ
khatri,ഖാത്രി,ഖത്തി
gandhibazar,ഗാന്ധിബസാര്,ഗന്ധിബാസർ
arum,ആറും,അറും
mathanaamathinu,മതനാമത്തിനു,മതനാമത്തിന്
smartspaces,സ്മാർട്ട്സ്പെയ്സസ്,സ്മാർട്സ്പസ്സ്
jeevithavasaanam,ജീവിതാവസാനം,ജീവിതവസാനം
aasid,ആസിഡ്,ആസിദ്
canon,കാനൻ,കാനോ
parvesan,പർവേസാണ്,പാർവേസൻ
sutlej,സത്ലെജ്,സുടിളെ
jushantan,ജുഷാന്തൻ,ജുഷന്തൻ
keeriteththunnath,കേറിയെത്തുന്നത്,കീറിറ്റെത്തുന്ന
lugod,ലുഗോദ്,ലുഗോഡ്
paadangngalaayirunnu,പാടങ്ങളായിരുന്നു,പാദങ്ങ്ങളായിരുന്
mandaal,മണ്ഡൽ,മണ്ടാ
varane,വരനെ,വരാന
pidichchirikkaanulla,പിടിച്ചിരിക്കാനുള്ള,പിടിച്ചിച്ചിക്കാനുള
roopappesuththiyathaanu,രൂപപ്പെടുത്തിയാണ്,രൂപപ്പേസുത്തിയതാണ
yanam,യാനം,യനം
officemutathu,ഓഫീസ്മുറ്റത്ത്,ഓഫിസെമുറ്റത്
avismaraniiya,അവിസ്മരണീയ,അവിസ്മരണിയ
dridakaramaya,ദൃഡകരമായ,ദൃഢകരമായ
thaalparyathode,താൽപര്യത്തോടെ,താല്പര്യത്തോട
flashh,ഫ്ലാഷ്,ഫ്ലീഷ്
shornur,ഷൊർണ്ണൂർ,ഷൊർബോർ
kordarneel,കൊർടർനീൽ,കോർഡർനീൽ
hillsboro,ഹില്സ്ബോറോ,ഹിൽൽസ്ബോറോ
nadikkulla,നടിയ്ക്കുള്ള,നടിക്കുള്ള
dispur,ദിസ്പുർ,ഡിസിർ
insurance,ഇൻഷുറൻസ്,ഇൻസുരൻക്
deshamvechchu,ദേശംവെച്ച്,ദേശംവെച്ചു
si,ഷി,സി
ethrayumkooduthal,ഇത്രയുംകൂടുതല്,എത്രയ്ംകൂടുത്ത
khareeb,ഖരീബ്,ഖആചങി
prathipakshanethav,പ്രതിപക്ഷനേതാവ്,പ്രതിപക്ഷനേത്തവ
muzhakkiyaairunnu,മുഴക്കിയായിരുന്നു,മുഴക്കിയാറിരുന്നു
garruda,ഗരുഡ,ഗാരു
solanki,സോളങ്കി,സൊലങ്കി
parishkkaaram,പരിഷ്ക്കാരം,പരിശ്ക്കാരം
english,ഇംഗ്ലീഷ്,എംങ്സിസി
pothudarshanaththinu,പൊതുദർശനത്തിന്,പൊതുതർശന്തത്തി
theereesa,തെരേസ,തീരീസ
masathile,മാസത്തിലെ,മസത്തിലെ
spaunera,സ്പൌനെര,സ്പൌനേര
cowr,കൌർ,ർഝഢ
thornton,തോന്റൺ,തോർന്ത
keizer,കെയ്സർ,കെയിർ
thilakkamarnna,തിളക്കമാർന്ന,തിളക്കമർന്ന
cheralathhu,ചെരളത്ത്,ചേരളത്ത്
lenexa,ലെനെക്സ,ലെൻസ്ക്
vydyuthopakarana,വൈദ്യുതോപകരണ,വ്യ്യുതോപകരണ
sthaanaarththhiye,സ്ഥാനാർത്ഥിയെ,സ്ഥാനാർത്ഥിത്
tinsukia,ടിന്സുകിയാ,ടിൻസുകിയ
othelo,ഒഥല്ലോ,ഒത്തേല
minute,മിനുട്ട്,മിനുതെ
margangngaluntenn,മാർഗങ്ങളുണ്ടെന്ന്,മർഗ്ഗങ്ങളങ്ങുന്നെ
mahankmadaan,മഹാങ്കമദാന്,മഹാൻക്മാദാൻ
jethaakkalkku,ജേതാക്കൾക്ക്,ജേതാക്കൾക്കു
peshavaar,പെഷവാർ,പേശവാർ
pakarchchavyaadhi,പകർച്ചവ്യാധി,പകർച്ച്ചവ്യാ
shreebaalagokulaththinte,ശ്രീബാലഗോകുലത്തിന്റെ,ശ്രീബാഗഗോകളുത്തിന്റെ
ulhasnagar,ഉല്ലാസ്നഗര്,ഉൽവസ്ഥർ
kaur,ക<unk>ർ,കർർ
kozhikode,കോഴിക്കോട്,കോഴിക്കൂടെ
dhindhwal,ധിന്ധ്വാള്,ധിന്ധ്വൽ
digree,ഡിഗ്രി,ദ്യൂബി
prasthanamundallo,പ്രസ്ഥാനമുണ്ടല്ലോ,പ്രസ്ഥനമുണ്ടല്ലോ
poyathinethudar,പോയതിനേത്തുടര്,പോയതിനെത്തുടര്
margarita,മാർഗരിറ്റ,മർഗ്രൈറ
sekhar,ശേഖർ,സേഖർ
naresh,നരേഷ്,നരീഷ്
poura,പ<unk>ര,പൌര
thirichedukkan,തിരിച്ചെടുക്കാൻ,തിരിച്ചെടുക്കൻ
thamasichulloo,താമസിച്ചുള്ളൂ,തമസിച്ചുള്ളൂ
aaroupanaththinu,ആരോപണത്തിന്,ആരൂപണത്തിന്
dodson,ഡോട്സൺ,ഡോസോൻ
laisance,ലൈസൻസ്,ലൈസൻക്
ezhuthikkodutha,എഴുതിക്കൊടുത്ത,എഴുതിക്കോടുത്ത
collectorude,കളക്ടറുടെ,കോളക്ട്രൂ
vykrithangngalilekk,വൈകൃതങ്ങളിലേക്ക്,വിക്രിതങ്ങ്ങളിലേ
cotton,കോട്ടൺ,കോട്ടൻ
karanaththilum,കരണത്തിലും,കരണത്ത്തില
iban,ഇബ്ൻ,ഇബൻ
electroonik,ഇലക്ട്രോണിക്,ഇലക്ക്രൂണിക്
bidar,ബിദർ,ബിർർ
nettam,നേട്ടം,നേറ്റം
bikeleththiya,ബൈക്കിലെത്തിയ,ബിക്കെലെത്തിയ
sweekarichchumaan,സ്വീകരിച്ചുമാണ്,സ്വീകരിച്ചു്്മാ
feeble,ഫീബിൾ,ഫയിബി
sultanpur,സുല്ത്താന്പുര്,സുൽത്താർപ്
pariikshikkukayum,പരീക്ഷിക്കുകയും,പരിക്ഷിക്കുകയും
kanyastreekal,കന്യാസ്ത്രീകൾ,കന്യസ്ത്രീകൾ
mandalangngalile,മണ്ഡലങ്ങളിലെ,മണ്ഡലംങ്ങങ്ങ
ennittu,എന്നിട്ടു,എന്നിട്ട്
sthalaththeththiya,സ്ഥലത്തെത്തിയ,സ്ഥലത്തെത്ത്ത
mays,മേയ്സ്,മേസി
marikkathavare,മരിയ്ക്കാത്തവരെ,മറിക്കാത്തവരെ
iththarakkaare,ഇത്തരക്കാരെ,ഇത്തരര്ക്കാ
prakhyapichhathode,പ്രഖ്യാപിച്ചതോടെ,പ്രഖ്യപിച്ചതോടെ
vijayippikkan,വിജയിപ്പിക്കാൻ,വിജയിപ്പിക്കൻ
dveepin,ദ്വീപിന്,ദ്വീപിൻ
ramakshetram,രാമക്ഷേത്രം,രാക്ഷ്ഷേത്ര
psychology,സൈക്കോളജി,സ്യിക്ചോള
teraisa,തെരേസ,ടെറൈസ
punjabilum,പഞ്ചാബിലും,പുഞ്ഞബിലും
bluffs,ബ്ലഫ്സ്,ോങെജിസി
kashanangngalaayi,കഷണങ്ങളായി,കഷണങ്ങ്ങ്ങ
rukmini,രുക്മിണി,റുക്മിനി
thanalaththunakkiyaan,തണലത്തുണക്കിയാണ്,തണലത്തുനന്ക്കിയാ
prasaranangal,പ്രസരണങ്ങള്,പ്രസരണങ്ങൾ
devayaniye,ദേവയാനിയെ,ദേവയനിയെ
kidakkayilakunnathinu,കിടക്കയിലാകുന്നതിന്,കിടക്കയിലകുന്നതിന്
congressine,കോൺഗ്രസ്സിനെ,കോംഗ്രസിനെ
anny,ആനി,അന്
hoshangabad,ഹോഷന്ഗാബാദ്,ഹോഷങ്ങാബാദ്
aluminium,അലുമിനിയം,അലുമിനിം
sedpiyu,സെഡ്പിയു,സെഡ്പിയ്
sambadyam,സമ്പാദ്യം,സമബദ്യം
panikkarute,പണിക്കരുടെ,പണിക്കാരുട
stend,സ്റ്റാൻഡ്,സ്റ്റേൻഡ്
andavum,അണ്ഡവും,അണ്ടവും
samthalangal,സമതലങ്ങൾ,സംതലങ്ങൾ
vishadeekarichhirikke,വിശദീകരിച്ചിരിക്കെ,വിശദീകരിച്ചിക്കിരെ
dalhousie,ഡല്ഹൌസി,ഡലൂസിസി
nilapadilalla,നിലപാടിലല്ല,നിലപടിലല്ല
arangngeta,അരങ്ങേറ്റ,അരാങ്ങ്ങ്
kettering,കെട്ടെറിംഗ്,കെറ്ററിംഗ്
kecheeri,കേച്ചേരി,കെച്ചീരി
strong,സ്ട്രോംഗ്,സ്ട്രോഗ്
bettiah,ബെതിയാ,ബെറ്റി
das,ദാസ്,ഡഔഝഊ
kanchan,കാഞ്ചന്,കഞ്ചൻ
buddhimuttakkukayum,ബുദ്ധിമുട്ടാക്കുകയും,ബുദ്ധിമുട്ടക്കുകയും
yuri,ഉറി,യുര
yaathraparanjnja,യാത്രപറഞ്ഞ,യാത്രപരഞ്ഞ
sreeneevas,ശ്രീനിവാസ്,ശ്രീനീവസ്
keralathinte,കേരളത്തിൻറെ,കേരളത്തിന്റ
waashintunu,വാഷിങ്ടണ്,വാശിന്റുന
mosamayirikkunnath,മോശമായിരിക്കുന്നത്,മോസമായിരിക്കുന്നത്
roosie,റോസി,റൂസി
poozhthhivekkan,പൂഴ്ത്തിവെക്കാൻ,പൂഴ്ത്തിവേക്കൻ
kaazchayaayirunnu,കാഴ്ചയായിരുന്നു,കാൽച്ചയായിരുന്ന
kaanicchu,കാണിച്ച്,കാണിച്ചു
samvidhayakanilekkum,സംവിധായകനിലേക്കും,സംവിധയാകനിലേക്കും
visphotanam,വിസ്ഫോടനം,വിസ്ഫോടണം
kurichchittullathaanu,കുറിച്ചിട്ടുള്ളതാണ്,കുറിച്ചിച്ച്ടുള്ളതാ
aaria,ആര്യ,ആരിയ
nikathan,നികത്താൻ,നികത്തൻ
barasat,ബറാസത്ത്,ബരസത്ത്
jordan,ജോഡൻ,ജോർഡ
pishaku,പിശക്,പിശാക
anjchamankathile,അഞ്ചാമങ്കത്തിലെ,അഞ്ച്ചമങ്കത്തില
athmakadhayilekku,ആത്മകഥയിലേക്കു,അത്മകഥയിലേക്ക്
karanjnjukondeyirunnu,കരഞ്ഞുകൊണ്ടേയിരുന്നു,കരഞ്ഞുഞ്കുണ്ടെയിരുന്
iqbal,ഇഖ്ബാൽ,ഇക്ബാൽ
elevenil,ഇലവനില്,എളെവിനി
srushtikkunnathin,സൃഷ്ടിക്കുന്നതിന്,ശൃഷ്ടിക്കുന്നതിന്
societyude,സൊസൈറ്റിയുടെ,സോകിയെറ്റിയു
atkins,അത്കിന്സ്,അട്കിൻസ്
salem,സേലം,സീംം
bath,ബാത്,ബത്ത
egu,എഗ്,റുു
cardenas,കർദെനാസ്,കാർഡീനസ്
feebil,ഫീബിൾ,ഫീബിൽ
chhindwara,ചിന്ദ്വാര,ചിന്ദ്വര
carboikamo,കാർബണികമോ,കാർബോയികമ
priye,പ്രിയേ,പ്രിയെ
katiyar,കത്യാർ,കാട്യാ
mahazan,മഹാജൻ,മഹാസൻ
everest,എവറസ്റ്റ്,ഇവറെസ്റ്റ
dhanbad,ധന്ബാദ്,ധൻബാദ്
marupadiyayanu,മറുപടിയായാണ്,മറുപടിയയാണ്
congressinillennan,കോൺഗ്രസിനില്ലെന്നാണ്,കോൺഗ്രസ്സിലിന്ലെന്ന
ilaktroonik,ഇലക്ട്രോണിക്,ഇലക്ത്രൂണിക്
olichchirunnathum,ഒളിച്ചിരുന്നതും,ഒളിച്ചിച്ചിരുന്
kazhinjappazhaanu,കഴിഞ്ഞപ്പഴാണ്,കഴിഞ്ഞപ്പാഴാണ
vaadamanu,വാദമാണ്,വാദമന്
pambukale,പാമ്പുകളെ,പമ്പുകളെ
alangaravasthukkalodu,അലങ്കാരവസ്തുക്കളോടു,അലങ്ങരവസ്തുക്കളോട്
bengaluru,ബെംഗളൂരു,ബെംഗലുരു
miikii,മിക്കി,മിയികി
haynes,ഹെയ്നസ്,ഹൈണിസെ
rauket,റോക്കറ്റ്,റൌക്ത്
chithraththinulla,ചിത്രത്തിനുള്ള,ചിത്രത്തിന്നുള
vinyll,വിനൈൽ,വിനിൽ
dhatu,ദത്തു,ധത്ത്
baleshwar,ബാലേശ്വർ,ബാൽശ്വാർ
thhasraddhayil,ത്തശ്രദ്ധയില്,തസ്രദ്ധ്ധയിൽ
cherkkapedaanum,ചേർക്കപ്പെടാനും,ചെർക്കപ്പെടാനും
manasillamanas,മനസില്ലാമനസ്സ്,മനസില്ലാനൻസ
padippichha,പഠിപ്പിച്ച,പടിപ്പിച്ച
viqrama,വിക്രം,വിക്രാ
hercules,ഹെര്ക്യുലെസ്,ഹെക്കുലെസി
virani,വിരണി,വിരാന
prakaravum,പ്രകാരവും,പ്രകരവും
koonur,കൂണൂര്,കൂനൂർ
reddy,റെഡ്ഡി,റേഡി
sthaanaarthi,സ്ഥാനാർഥി,സ്ഥാനാർത്
abhinayaramgangal,അഭിനയരംഗങ്ങള്,അഭിനയരംഗങ്ങൾ
boliiviya,ബൊളീവിയ,ബോളിവിയ
taii,ടേ,ടൈ
roockait,റോക്കറ്റ്,റൂക്കൈറ്റ
madina,മദീന,മഡിന
laguna,ലഗുന,ലാഗു
edavelaykku,ഇടവേളയ്ക്കു,ഇടവേലയ്ക്ക്
ppuvilikalumonum,പ്പുവിളികളുമൊന്നും,പ്പുവിളികളുമോനും
gwaattimaala,ഗ്വാട്ടിമാല,ഗ്വാറ്റിമാല
sankhadikkukayum,സംഘടിക്കുകയും,സംഖടിക്കുകയും
jones,ജോൺസ്,ഝഝഝഝഝ
matrixilekk,മാട്രിക്സിലേക്ക്,മാത്രിക്സിലേക്ക്
sunnyvale,സണ്ണീവെയ്ല്,സുന്ന്വിലെ
halisahar,ഹലിസഹര്,ഹലിസാഹർ
ulsavabali,ഉത്സവബലി,ഉൽസവബാലി
pricol,പ്രികോള്,പ്രിക്കോ
poyikkazhinjnjittum,പോയിക്കഴിഞ്ഞിട്ടും,പോയിക്കഴിഞ്ഞിഞ്ടുട
sugamamaayirikkumennu,സുഗമമായിരിക്കുമെന്നു,സുഗമമായിരിക്കുമെന്ന്
vangunnathu,വാങ്ങുന്നത്,വങ്ങുന്നത്
upayogikkapedukayanu,ഉപയോഗിക്കപ്പെടുകയാണ്,ഉപയോഗിക്കപെടുകയാണ്
weii,വേയ്,വെയി
myers,മൈയേര്സ്,മൾബീസ്
rai,റായി,റൈ
thamburaan,തമ്പുരാൻ,തമ്പുറാൻ
kaanam,കാനൻ,കാനാ
ithhiri,ഇത്തിരി,ഇതിരി
kristaniya,ക്രിസ്റ്റാനിയ,ക്രിസ്റ്റനിയ
aalnaashathhinum,ആൾനാശത്തിനും,ആന്നാശത്തിനു
floyd,ഫ്ലോയിഡ്,ഫ്ലോയ്ഡ്
visual,വിഷ്വൽ,വിസായൽ
suraj,സുരാജ്,ുഅഔഔഈഇ
ithihaasikamaaya,ഐതിഹാസികമായ,ഇതിഹാസികമായ
lamghichhuvenkil,ലംഘിച്ചുവെങ്കില്,ലംഘിച്ചുവെങ്കിൽ
thangale,താങ്കളെ,തങ്ങളെ
mrgamaayi,മൃഗമായി,മ്രഗമായ
aanny,ആനി,ആന്
khadakangaleyokke,ഘടകങ്ങളെയൊക്കെ,ഖടകങ്ങളെയൊക്കെ
asheville,ആഷ്വില്,ആശേവില്
sukhikkukayayirunnu,സുഖിക്കുകയായിരുന്നു,സുഖിക്കുകയയിരുന്നു
naayakande,നായകന്റെ,നായകണ്ടെ
rookshavimarsanavumaayi,രൂക്ഷവിമർശനവുമായി,രൂക്ഷവിമംശീനമുമായ
aduthakoottukaril,അടുത്തകൂട്ടുകാരില്,അടുത്തകൂട്ടുകളിൽ
dhivasamaaya,ദിവസമായ,ധിവസമായ
krushnnanannu,കൃഷ്ണനാണ്,കൃഷ്ണന്നന
jeffersonville,ജെഫേര്സണ്വില്,ജെഫർഫൻസില്ലെ
sikar,ശിക്കാർ,സികാർ
nochippulliyile,നൊച്ചിപ്പുള്ളിയിലെ,നോച്ചിപ്പുള്ളിയിലെ
aciid,ആസിഡ്,ആസിയ്
dhulhijja,ദുൽഹിജ്ജ,ധുലിജിജ
balrampur,ബല്റാംപുർ,ബല്റംപൂർ
ushnamekhala,ഉഷ്ണമേഖലാ,ഉഷ്ണമേഖല
vendalayirunnuvennu,വേണ്ടായിരുന്നുവെന്ന്,വേണ്ടലായിരുന്നുവെന്ന
dalmia,ഡാല്മിയ,ഡാമിമിയ
srushtikkunnathinu,സൃഷ്ടിക്കുന്നതിന്,സൃഷ്ടിക്കുന്നതിനു
guduri,ഗുദുരി,ഗുദൂരി
kaathirunnu,കാത്തിരുന്നു,കാതിരുന്നു
penvanibha,പെൺവാണിഭ,പെൻവണിഭ
spre,സ്പ്രേ,സ്പി
kaarangalum,കാരണങ്ങളും,കാരങ്ങളും
bhopal,ഭോപ്പാല്,ഭുപാൽ
abhayarthi,അഭയാർഥി,അഭയർത്ത
kuthet,കുത്തേറ്റ്,കുത്തേട്ട്
nehru,നെഹ്രു,നേഹ്രു
asahaneeyamaayappol,അസഹനീയമായപ്പോള്,അസഹനീയമായപ്പോൾ
aarayennayirunnu,ആരായെന്നായിരുന്നു,ആരയെന്നായിരുന്നു
yuree,ഉറി,യൂര
hasni,ഹാൻസി,ഹസ്നി
staeedium,സ്റ്റേഡിയം,സ്റ്റീഡിയു
suraaj,സുരാജ്,ശൂമി
avalokanangalum,അവലോകനങ്ങളും,അവളോകനങ്ങളും
aduththakalangalilanu,അടുത്തകാലങ്ങളിലാണ്,അടുത്തകളങ്ങളിലന്ന്
cypress,സിപ്രസ്,ക്രീസിസ
aanutto,ആണുട്ടൊ,ആനുറ്റോ
brownin,ബ്ര<unk>ണിങ്,ബ്രോണിൻ
sinhala,സിംഹള,സിനാല
vargiyatha,വർഗീയത,വർഗ്ഗി
nadiad,നാദിയാദ്,നേഡിയാട്
paddhathiyittuttunt,പദ്ധതിയിട്ടുട്ടുണ്ട്,പദ്ധതിതിയിട്ടുട്ട്ട്
protection,പ്രൊട്ടക്ഷന്,പ്രോട്കേഷൻ
hines,ഹൈൻസ്,ഹൈെങീ
thruchambaram,തൃച്ചംബരം,തൃര്ച്ചംബ
jeythaavum,ജേതാവും,ജെയ്താവ
aroopanaththe,ആരോപണത്തെ,അരൂപനത്തെ
mehra,മെഹ്ര,മേഹ്ര
engineeringil,എഞ്ചിനീയറിംഗിൽ,എൻജിനീലിങ്ങിൽ
baloni,ബലോനി,ബലോണി
anni,ആനി,അന്
cylinderinte,സിലിണ്ടറിന്റെ,സ്യിൻഡറിിന്റെ
vahanathin,വാഹനത്തിന്,വഹനത്തിൻ
pullippuli,പുള്ളിപ്പുലി,പുള്ളിപ്പുളി
elektrooniks,ഇലക്ട്രോണിക്സ്,ഇളക്ക്രോണിക്ക്
anusarichhukondan,അനുസരിച്ചുകൊണ്ടാണ്,അനുസരിച്ചുകൊണ്ടൻ
terass,ടെറസ്സ്,ടൂസിസു
syngene,സയ്ന്ജീന്,സിംഗെനെ
yoosuuf,യൂസഫ്,യൂസൂഫ
pittsburgh,പിട്സ്ബർഗ്,പിട്ട്ബുബു
chavan,ചവാൻ,ചവൻ
angelo,ആൻജലോ,അൻഗേല
angathwamedukkaam,അംഗത്വമെടുക്കാം,അന്ഗത്വമെടുക്കാ
callingil,കോളിങിൽ,കാലിങ്ങ
librarykal,ലൈബ്രറികൾ,ലിബ്രാരിക
faulkner,ഫോക്നർ,ഫൌൾക്ക
othaillo,ഒഥല്ലോ,ഒത്തില
king,കിംഗ്,കിംങി
chakrabortty,ചക്രബർത്തി,ചാക്രബോർഡ്
mungaamikal,മുൻഗാമികൾ,മുങ്ങാമിക
chempanvayalil,ചെമ്പൻവയലിൽ,ചെമ്പൻവയാൽി
peedam,പീഠം,പീപം
visvasam,വിശ്വാസം,വിശ്വസം
nareesh,നരേഷ്,നരീഷ്
purtthiyaakkiyaanu,പൂർത്തിയാക്കിയാണ്,പുർത്തിയാക്കിയാണ്
viswasichu,വിശ്വസിച്ച്,വിശ്വസിച്ചു
iiraqi,ഇറാഖി,ഇറാകി
adichu,അടിച്ച്,അടിച്ചു
thrupti,തൃപ്തി,ത്രൂപ്
greene,ഗ്രീൻ,ഗ്രീന
mohanrajineyaan,മോഹൻരാജിനെയാണ്,മോഹന്രാജിനെയാണ
viillow,വീതം,വില്
tooreest,ടൂറിസ്റ്റ്,ടൂറീസ്റ്റ്
naaikkalude,നായ്ക്കളുടെ,നായ്ക്കലുടെ
varghese,വർഗീസ്,വർഹീസെ
dish,ഡിഷ്,ൃഝഝഝ
shaahul,ഷാഹുൽ,ഷാഭുൽ
pothudarshathhinu,പൊതുദർശനത്തിന്,പൊതുടർശത്തിന്
aister,ആസ്റ്റർ,ഐസ്റ്റർ
vaeii,വേയ്,വീയി
prudential,പ്രുഡെന്ഷ്യല്,പ്രൂഡെന്റിയൽ
pankalitha,പങ്കാളിത്ത,പങ്കലിത്ത
thatikondy,തട്ടിക്കൊണ്ടു,തടികൊണ്ടി
mungaami,മുൻഗാമി,മുങ്ങാമ
vaangngaathirunnathinulla,വാങ്ങാതിരുന്നതിനുള്ള,വാങ്ങ്ങാതിരിന്നുതിനു
pravarththikkaanum,പ്രവർത്തിക്കാനും,പ്രവർത്തിത്ക്കാന
wynod,വിനോദ്,വിനോട്
chemprathi,ചെമ്പരത്തി,ചെമ്പ്രതി
jeevanakkarumundu,ജിവനക്കാരുമുണ്ട്,ജീവനക്കാരുമുണ്ട്
dadayennaan,ദാദയെന്നാണ്,ദദയെന്നാണ്
ernaakulam,എറണാകുളം,എർണാകുളം
udachchath,ഉടച്ചത്,ഉദച്ച്ച
mercado,മെർകാഡോ,മെർക്കാ
lang,ലാംഗ്,ലാങ്ങ
societykku,സൊസൈറ്റിക്ക്,സോകിയേറ്റ്ക്
burke,ബര്ക്,ബൂർക്
webster,വെബ്സ്റ്റർ,വെബിർസ്റ്റ
cheyyeindathundu,ചെയ്യേണ്ടതുണ്ട്,ചെയ്യിണ്ടത്തുണ്
addhehatthinoppamulla,അദ്ദേഹത്തിനൊപ്പമുള്ള,അദ്ധേഹത്തിനൊപ്പമുള്ള
loksbhayile,ലോക്സഭയിലെ,ലോക്ഷ്ഭയില
matakan,മടക്കാൻ,മതകൻ
electricals,ഇലക്ട്രിക്കൽസ്,ഇലക്ക്രിക്കൽ
chitradurga,ചിത്രദുർഗ,ചിത്രാദർഹ
chodippichhath,ചൊടിപ്പിച്ചത്,ചോദിപ്പിച്ചത്
patra,പത്ര,പാട്
aetuvangiya,ഏറ്റുവാങ്ങിയ,ഏറ്റുവങ്ങിയ
mrukangalude,മൃഗങ്ങളുടെ,മൃകങ്ങളുടെ
naaz,നാസ്,നാൻ
ththanaalaapavum,ത്തനാലാപവും,ത്ഥനാലാവപ്വ
poozhththivekkaan,പൂഴ്ത്തിവെക്കാൻ,പൂഴ്ത്തിവേക്കാൻ
prathishedhamillenkil,പ്രതിഷേധമില്ലെങ്കില്,പ്രതിഷേധമില്ലെങ്കിൽ
iruteemukalum,ഇരുടീമുകളും,ഇരുട്മീകുളള
khadjuvinu,ഖഡ്ജുവിന്,ഖദ്ജുവിന്
vidyaarthhiyude,വിദ്യാർത്ഥിനിയുടെ,വിദ്യാർത്ഥിയുടെ
paadapusthakangal,പാഠപുസ്തകങ്ങൾ,പാദപുസ്തകങ്ങൾ
chalsu,ചാൾസ്,ചാൽസു
jeevathmavayi,ജീവാത്മായി,ജീവാത്മവായ
adayalamayi,അടയാളമായി,അടയലമായി
aayikkuuda,ആയിക്കൂടാ,ആയിക്കുടട
nalkiyathinte,നൽകിയതിന്റെ,നൽകിയത്തിന്
adyamokke,ആദ്യമൊക്കെ,അദ്യമൊക്കെ
julaiyil,ജൂലായിൽ,ജുലൈയിൽ
ellaatheyaayi,ഇല്ലാതെയായി,എല്ലാതെയായി
waashintonu,വാഷിങ്ടണ്,വാശിന്റോണ
dayton,ഡെടോൺ,ഡയ്റ്
srinagar,ശ്രീനഗര്,ശ്രീണഗർ
aadyamuntayirunna,ആദ്യമുണ്ടായിരുന്ന,ആദ്യമുണ്ടിയരുന്ന
koottiyirunnuvennum,കൂട്ടിയിരുന്നെന്നും,കൂട്ടിയിരുന്നുവെന്ന
vishadeekarichchirikke,വിശദീകരിച്ചിരിക്കെ,വിശദീകരിച്ചിക്കിക്
boca,ബൊക,ബോക
expleo,എക്സ്പ്ലിയോ,എക്സിപ്ലോ
zob,ജോബ്,ഝഓഝഝ
vaayapayaayi,വായ്പയായി,വായപയായി
nadapadiyillaaththathaanu,നടപടിയില്ലാത്തതാണു,നടപടിയില്ലാത്തതാണ്
tools,ടൂൾസ്,ടൂസി
chase,ചേസ്,ചസീ
kouthukakaramanu,ക<unk>തുകകരമാണ്,കൌതുകകരമാണ്
societyile,സൊസൈറ്റിയിലെ,സോകിയെറ്റിലെ
kollatinu,കൊല്ലത്തിനു,കൊള്ളത്തിന്
pharmaceuticals,ഫാര്മസ്യൂട്ടിക്കല്സ്,ഫാർമസുയെട്ടിക്കൽ
ennekkaal,എന്നെക്കാൾ,എന്നേക്കാൾ
paddhathiittuttund,പദ്ധതിയിട്ടുട്ടുണ്ട്,പദ്ധതിതിട്ടുട്ടുണ്ട്
sibberian,സൈബീരിയൻ,സിബ്ബേറി
koottavukayayirunnu,കൂട്ടാവുകയായിരുന്നു,കൂട്ടവുകയായിരുന്നു
vemaanathinre,വിമാനത്തിന്റെ,വേമാനത്തിന്റെ
avente,അവൻറെ,അവെന്
nireeshvaranakamennu,നിരീശ്വരനാകാമെന്ന്,നിരീശ്വരണമേക്ന്ന്
ganganagar,ഗംഗാനഗര്,ഗംഗനഗർ
athukondathre,അതുകൊണ്ടാത്രെ,അതുകൊണ്ടത്രേ
pokaaru,പോകാറ്,പോകാരു
panghal,പന്ഘല്,പാങ്ഖൽ
thirikkunnathennan,തിരിക്കുന്നതെന്നാണ്,തിരിക്കുന്നതെന്നാൻ
browniing,ബ്ര<unk>ണിങ്,ബ്രോണിംഗിം
thirakkilaayirunnu,തിരിക്കിലായിരുന്നു,തിരക്കിലായിരുന്നു
udaipur,ഉദയ്പുർ,ദദൈപ്
muscle,മസിൽ,മസ്ക
athbuthamaayirunnu,അത്ഭുതമായിരുന്നു,അത്ബുത്തമായിരുന്
atayaalamaayi,അടയാളമായി,അട്യാലമായ
meriden,മെരിഡൻ,മെരിഡെ
choubey,ചൌബെ,ചുബെ
kadinjnjaaniduvaanu,കടിഞ്ഞാണിടുവാന്,കടിഞ്ഞ്ഞാണിടുവാ
dial,ഡയല്,ഡീൽ
naadavum,നാദവും,നാടവും
danville,ഡാന്വില്,ഡൻവില്ലെ
mulayoottumbozhum,മുലയൂട്ടുമ്പൊഴും,മുലയൂട്ടുമ്പോഴും
janatthin,ജനത്തിന്,ജനത്തിൻ
manichchechchi,മണിച്ചിചേച്ചി,മണിച്ച്ച്ച്ചി
pradhan,പ്രധാന്,പ്രധാൻ
phutbool,ഫുട്ബോൾ,ഫുസ്റ്റ
ingram,ഇന്ഗ്രാം,ഇൻഗിം
independence,ഇന്റിപെന്റൻസ്,ഇൻഡ്പെെൻഡ്ൻൻ
raajaasu,രാജാസ്,രാജാസു
cherkkaam,ചേർക്കാം,ചെർക്കാം
braunfels,ബ്രോൺഫെൽസ്,ബ്രാബോഫിസ്
his,ഹിസ്,ഗെബി
methrapolitha,മെത്രാപ്പോലീത്ത,മെത്രപോലിത്ത
eleqtroniqs,ഇലക്ട്രോണിക്സ്,എലക്ക്രോണിക്ക്
spirits,സ്പിരിറ്റ്സ്,സ്പിരിസിറ്റ്
atimarichchu,അട്ടിമറിച്ച്,അടിമറിച്ചു
aditi,അദിതി,അഡിതി
rowe,റോവ്,റോൂ
thallunnathayi,തളളുന്നതായി,തള്ളുന്നതായ
kammyoonisavum,കമ്യൂണിസവും,കമ്മൂയിനസവു
wei,വേയ്,വെയി
podinjnjirangi,പൊടിഞ്ഞിറങ്ങി,പൊടിഞ്ഞിഞ്ങിങ
krushnnante,കൃഷ്ണന്റെ,കൃഷ്ണന്ന്
veliyettam,വേലിയേറ്റം,വെളിയേറ്റം
geeniyas,ജീനിയസ്,ഗീനിയസ്
allcargo,അൽകാർഗോ,ആൽല്കാർ
pathuma,പാത്തുമ,പത്തുമ
kudumbasuthrana,കുടുംബാസൂത്രണ,കുടുംബസുത്രന
brigade,ബ്രിഗേഡ്,ബിഗൈഡെ
samadhanamundayirunnu,സമാധാനമുണ്ടായിരുന്നു,സമാധനമുണ്ടായിരുന്നു
marpappa,മാർപാപ്പ,മർപ്പപ്പ
pathilaayirunnu,പഥിലായിരുന്നു,പത്തിലായിരുന്
panchaangam,പഞ്ചാംഗം,പഞ്ചാങ്ങ
vilakuranja,വിലകുറഞ്ഞ,വിളകുറഞ്ഞ
infosys,ഇൻഫോസിസ്,ഇൻസിസിസി
nasreen,നസ്റീന്,നസ്രീൻ
pravisya,പ്രവിശ്യാ,പ്രവിശ്യ
mckay,മക്കേ,മക്കയ
doon,ഡോണ,ദൂൻ
maradile,മരടിലെ,മറാഡില
aadiamokke,ആദ്യമൊക്കെ,ആദിയമൊക്കെ
boleeviya,ബൊളീവിയ,ബോളീവിയ
ithiri,ഇത്തിരി,ഇതിരി
praarththichchu,പ്രാർത്ഥിച്ചു,പ്രാർത്തിച്ചി
kakshikko,കക്ഷിയ്ക്കോ,കക്ഷിക്കോ
vakrangee,വക്രാംഗീ,വക്രങ്ങീ
see,ഷി,ശീ
shawnee,ഷാവ്നീ,ഷാനീ
attimarichch,അട്ടിമറിച്ച്,അട്ടിമരിച്ച്
stanton,സ്റ്റാൻടൺ,സ്റ്റാൻറൻ
computar,കമ്പ്യൂട്ടർ,കോംപുട്രർ
sugamamayirikkumennu,സുഗമമായിരിക്കുമെന്നു,സുഗമമായിരിക്കുമെന്ന്
samadhanamuntaayirunnu,സമാധാനമുണ്ടായിരുന്നു,സമാധമനുണ്ടായിരുന്നു
vechchittundu,വെച്ചിട്ടുണ്ട്,വെച്ചിച്ച്ടുണ്
pularthhaaruntu,പുലർത്താറുണ്ട്,പുലർത്താറുന്ന്
erickson,എറിക്സണ്,എറിക്ക്സ
magdum,മകുടം,മാഗ്ദ
thompson,തോംപ്സൺ,തൊംബ്ൻ
pacifica,പസിഫിക്ക,പാക്ബിഫി
veey,വേയ്,വേയി
eleedee,എൽഇഡി,എഡീീ
waco,വാകോ,വാക്
carlsbad,കാള്സ്ബാഡ്,കാർൽസ്ബാഡ്
kudumbathilpetta,കുടുംബത്തിൽപ്പെട്ട,കുടുംബത്തിൽപെട്ട
anubhavangaliludeyum,അനുഭവങ്ങളിലൂടെയും,അനുഭവങ്ങളിലുടെയും
orlando,ഒര്ലാന്ഡോ,ഓർളാണ്ടോ
neelam,നീലം,നീളം
magana,മഗന,മാഗ
paattundaakkunnu,പാട്ടുണ്ടാക്കുന്നു,പാറ്റുണ്ടാക്കുന്നു
jeevithavasanam,ജീവിതാവസാനം,ജീവിതവസനം
vilson,വിൽസൻ,വിസ്ല
ashay,അക്ഷയ്,ആശയ്
protsahippikkunna,പ്രോത്സാഹിപ്പിക്കുന്ന,പ്രോക്സഹിപ്പിക്കുന്ന
barnstable,ബാണ്സ്റ്റേബിള്,ബാർൻസ്റ്റബിൽ
jari,ജെറി,ജരി
sahishnuthayullavarakanam,സഹിഷ്ണുതയുള്ളവരാകണം,സഹിഷ്ണതുയുളവുകണണം
olail,ഓലയിൽ,ഓലിൽ
mrinaalini,മൃണാളിനി,മൃണാലിനി
koudiyum,കോടിയും,കൂടിയും
kaiyeri,കയ്യേറി,കൈയേരി
vilakoduthhu,വിലകൊടുത്തു്,വിളകൊടുത്ത്
parker,പാര്ക്കര്,പാർകർ
sthaapikkunnaththin,സ്ഥാപിക്കുന്നത്തിന്,സ്ഥാപിക്കുന്നതിന്ന
mathrukaparamaya,മാതൃകാപരമായ,മതൃരകപരമായ
nag,നാഗ്,ൾഝഝഝ
parayunnuntayirunnu,പറയുന്നുണ്ടായിരുന്നു,പറയുന്നുണ്ടിയരുന്നു
pindam,പിണ്ഡം,പിണ്ടം
jalpaiguri,ജല്പായ്ഗുരി,ജാല്യാബുറു
melleppokkukaaraan,മെല്ലെപ്പോക്കുകാരാണ്,മെല്ലെപ്പോക്കുകാരൻ
idavelaykk,ഇടവേളയ്ക്ക്,ഇടവേലയ്ക്ക്
pooril,പൂറിൽ,പൂരിൽ
shakarikkukayum,ശകാരിക്കുകയും,ശകരിക്കുകയും
aaswadikkam,ആസ്വദിക്കാം,ആസ്വദിക്കം
bruno,ബ്രൂണോ,ബ്രൂനോ
dhakshinaafrikkayil,ദക്ഷിണാഫ്രിക്കയിൽ,ധക്ഷിണാഫ്രിക്കയിൽ
ithinayulla,ഇതിനായുള്ള,ഇതിനയുള്ള
badhakamalla,ബാധകമല്ല,ബദ്ധകമല്
chithrikarikkaan,ചിത്രീകരിക്കാൻ,ചിത്രികരിക്കാൻ
bhaarathathin,ഭാരതത്തിന്,ഭാരതത്തിൻ
harmon,ഹാർമോൺ,ഹാർമോൻ
diskus,ഡിസ്കസ്,ഢൌഊഓഝഝ
urtthamamaanu,ഉത്തമമാണ്,ഉർത്തമമാണ
sveekarichchumaan,സ്വീകരിച്ചുമാണ്,സ്വീകരിച്ചു്്മാ
shudhi,ശുദ്ധി,ഷുദ്ധി
discount,ഡിസ്കൌണ്ട്,ഡിസ്ക്കന്റ
diamond,ഡയമൻണ്ട്,ഡൈമണ്ട്
jamekk,ജമൈക്ക,ജമേക്ക
ashramangalum,ആശ്രമങ്ങളും,അശ്രമങ്ങളും
punaparishodhana,പുനഃപരിശോധനാ,പുനപരിശോധന
bombay,ബോംബെ,ബോബ്ബ
samarpikkanam,സമർപ്പിക്കണം,സമർപിക്കണം
shahul,ഷാഹുൽ,ഷാലുൽ
asiakkaarennum,ഏഷ്യക്കാരെന്നും,അസിയക്കാരെന്നും
pourante,പ<unk>രന്റെ,പൌരന്റെ
arambhikkanirikke,ആരംഭിക്കാനിരിക്കെ,അരംഭിക്കാനിരിക്കെ
paripadikalan,പരിപാടികളാണ്,പരിപടികളൻ
kantaayirikkumennum,കണ്ടായിരിക്കുമെന്നും,കാന്റായിരിക്കുമെന്നു
prakyapikkappetta,പ്രഖ്യാപിക്കപ്പെട്ട,പ്രക്യപ്പിക്കപ്പെട്
jayvachoranavum,ജൈവചോരണവും,ജയ്വച്ചോണവ
ozhukkunnathinal,ഒഴുക്കുന്നതിനാല്,ഒഴുക്കുന്നതിനൽ
great,ഗ്രേറ്റ്,ഗ്രൈത്
chiin,ചൈന,ചിൻ
mail,മെയിൽ,മെയി
pithoragarh,പിതോരഗഡ്,പിത്രാഗര
eedaakkunna,ഈടാക്കുന്ന,ഈഡാക്കുന്ന
kanunnathinu,കാണുന്നതിന്,കണുന്നതിനു
thota,തോറ്റ,തോട്ട
slokangalum,ശ്ലോകങ്ങളും,സ്ലോകങ്ങളും
sambhavaththethudarnnaan,സംഭവത്തെത്തുടർന്നാണ്,സംഭവത്തെത്തുടർന്നാൻ
dveepilanu,ദ്വീപിലാണ്,ദ്വീപിലന്
sangareddi,സങ്കറെഡ്ഢി,സംഗരേഡ്ടി
alwar,ആള്വാര്,അളവർ
valichetuthu,വലിച്ചെടുത്തു,വലിച്ചെട്ടുത്
praachiinavum,പ്രാചീനവും,പ്രാച്ചിനാ
burnett,ബേണെറ്റ്,ബോർണറ്റ്
anand,അനന്ത്,അനാന്ദ
bhattathiri,ഭട്ടതിരി,ഭട്ടതിതി
russell,റസ്സെല്,റസസ്ൽ
indiabulls,ഇന്ത്യാബുൾസ്,ഇന്ദ്യാബുൾഗ്
maastellar,മാസ്റ്റെല്ലര്,മാസ്റ്റെല്ലാർ
te,ടേ,
kodaku,കൊടക്,കോടക്
phaarmasyuttikkal,ഫാർമസ്യൂട്ടിക്കൽ,ഫാർമ്സയ്യുട്ടിക്
samarmayirunnu,സമരമായിരുന്നു,സമർമായിരുന്നു
ferri,ഫെറി,ഫേരി
teea,ടീ,തീ
meeckii,മിക്കി,മീക്കി
saraikela,സറയ്കേല,സറൈകേല
aropichchath,ആരോപിച്ചത്,അരോപിച്ചത്
sanders,സാന്റേര്സ്,സാന്റീർ
malaiyalam,മലയാളം,മലയിയല
antonio,അന്റോണിയോ,ആൻറോണിയോ
cylinderinu,സിലിണ്ടറിന്,ക്യിൻഡറിന്
kearalam,കേരളം,കീരാള
herrera,ഹെരെര,ഹെററര
speis,സ്പേസ്,െഫെസിസ
wandayuteyum,വാൻഡയുടെയും,വണ്ടയുടെയും
sakhyathhin,സഖ്യത്തിന്,സഖ്യത്തിൻ
kaamakshi,കാമാക്ഷി,കാമക്ഷി
chin,ചിങ്,ചിൻ
ennathinekkurichchu,എന്നതിനെക്കുറിച്ച്,എന്നതിനെക്കുറിച്ചു
ernakulathu,എറണാകുളത്ത്,എർണകുലത്ത്
mooru,മോര്,മൂറു
cheef,ചീഫ്,ചീഫി
border,ബോർഡർ,ബോർബർ
saamoohiamaadhyama,സാമൂഹ്യമാധ്യമ,സാമൂഹിമാാധ്യമ
samskaarichathu,സംസ്കരിച്ചത്,സംസ്കാരിച്ചത
yaddanapudi,യദ്ധനപുടി,യദ്ദനപുടി
chary,ചേറി,ചരി
navoththana,നവോത്ഥാന,നവോത്തന
pravesikkunneyilla,പ്രവേശിക്കുന്നേയില്ല,പ്രവേശിക്കുന്നെയില്ല
dutta,ദത്ത,ദുത്
arch,ആർച്ച്,ആർക്ക്
phutball,ഫുട്ബോൾ,ഫുട്ബാൽ
mandala,മണ്ഡൽ,മണ്ഡല
itavelakalil,ഇടവേളകളിൽ,ഇട്വവലകളി
rosales,റോസെയിൽസ്,റോസെസിസെ
thrisurileththichchu,തൃശൂരിലെത്തിച്ചു,ത്രിശൂരിലെത്തിച്
ea,ഇഎ,
deshichchathanusarichchulla,ദേശിച്ചതനുസരിച്ചുള്ള,ദേശിച്ചതിനുകരിച്ചുള്
iddalikalaanu,ഇഡ്ഡലികളാണ്,ഇദ്ദലികളാണ്
troy,ട്രോയ്,ട്രോയി
aadaraanjalikal,ആദരാഞ്ജലികൾ,ആദരാജഞ്ങളിക
vimarsanangal,വിമശനങ്ങൾ,വിമർശനങ്ങ
staidium,സ്റ്റേഡിയം,സ്റ്റൈഡിയം
bhaashasamaraththil,ഭാഷാസമരത്തിൽ,ഭാഷസമരത്തിൽ
oricon,ഒറികോണ്,ഓരിക്കൻ
ibola,എബോള,ഇബോ
yaddanapudi,യധ്ദനപുരി,യദ്ദനപുടി
feeds,ഫീഡ്സ്,ഫഝഓഝഝഝ
kelly,കെല്ലി,കെള്ളി
ailictonik,ഇലക്ട്രോണിക്,ഐലിക്കോണിക്ക
noonuvinod,നൂനുവിനോട്,നൂണുവിനോട്
vilariya,വിളറിയ,വിളരിയ
vatakara,വടകര,വതകര
aetupaadaanu,ഏറ്റുപാടാന്,ഏറ്റുപാടാണ്
jabalpur,ജബല്പുർ,ജബൻപുർ
rajasthan,രാജസ്ഥാന്,രജസ്ഥൻ
panamidapaad,പണമിടപാട്,പനമിടപാട്
chorichil,ചൊറിച്ചിൽ,ചൊരിച്ചിൽ
vilakayattam,വിലക്കയറ്റം,വിളകയറ്റം
joosaif,ജോസെഫ്,ജൂസീഫി
securities,സെക്യൂരിറ്റീസ്,സെയ്കൂറിറിസ്
shrivastava,ശ്രീവാസ്തവ,ശ്രിവസ്താവ
vinon,വിനൊന്,വിനോൻ
ethariyaavunnathukondu,ഇതറിയാവുന്നതുകൊണ്ടു,ഏതറിയാവുന്നതുകൊണ്ട്
nethakkalkkum,നേതാക്കൾക്കും,നേതക്കൾക്കും
saran,ശരൺ,ശരൻ
ootheloo,ഒഥല്ലോ,ഓത്തേല
sugar,ഷുഗർ,സുർർ
avenues,അവെന്യൂസ്,അവീനെസ്
nilaile,നിലയിലെ,നിലൈലെ
jeevithagunamenma,ജീവിതഗുണമേന്മ,ജീവിതഗുമണമെന്
slokathil,ശ്ലോകത്തിൽ,സ്ലോകത്തിൽ
newdelhi,ന്യൂദൽഹിഃ,ന്യൂഡേഹി
vishadeekarichirikke,വിശദീകരിച്ചിരിക്കെ,വിശദീകരിച്ചിക്കിനെ
najikk,നാജിക്ക്,നജിക്ക്
jaub,ജോബ്,ജൂബി
arias,ആറിയസ്,എങകൻ
iraakilum,ഇറാഖിലും,ഇറാകിലും
raza,റാസ,റസാ
paataathha,പാറ്റാത്ത,പാറാത്ത
nayaattu,നായാട്ട്,നയാട്ട്
jamekan,ജമൈക്കൻ,ജമേകൻ
cube,ക്യൂബ്,കൂബൂ
wabag,വാബാഗ്,വഴിം
krik,ക്രീക്ക്,ക്കിക്
mrukangaludeeyum,മൃഗങ്ങളുടെയും,മൃകങ്ങളുടേയും
parisineyaan,പാരീസിനെയാണ്,പരിസിനെയാണ്
thaazhu,താഴ്,താഴു
alakkaanulla,അളക്കാനുള്ള,അലക്കാനുള്ള
balmiki,ബല്മികി,ബാംമികി
pidikudaan,പിടികൂടാൻ,പിടികുടാൻ
kshathamelkkum,ക്ഷതമേൽക്കും,ക്ഷതമേലക്കും
woonsocket,വൂണ്സോക്കറ്റ്,വൂൺസോക്കെ
kollukayayirunnu,കൊല്ലുകയായിരുന്നു,കൊള്ളുകയായിരുന്നു
elevenil,ഇലവനിൽ,എളെവിന
score,സ്കോർ,സ്കോറ
houseil,ഹൌസിൽ,ഹൂസീൽ
waybhase,വേബേസ്,വയ്ഭസെ
sachan,സചന്,സച്ച
baafakhi,ബാഫഖി,ബാഫകി
undaayathinepatiyum,ഉണ്ടായതിനെപ്പറ്റിയും,ഉണ്ടായതിനെപ്റ്റിയും
kauthukakaram,ക<unk>തുകകരം,കൌതുകകരം
axis,ആക്സിസ്,ഴർൻസി
rakthachamkramanam,രക്തചംക്രമണം,രക്തച്ച്ക്രമ
aropanaththe,ആരോപണത്തെ,അരോപനത്തെ
johnpaul,ജോൺപോൾ,ജോൻൻപാ
sradhdhichchath,ശ്രദ്ധിച്ചത്,ശ്രദ്ധിച്ച്ച
kaarpett,കാർപെറ്റ്,കാർപെട്ട്
ddichchukondirunna,ദ്ദിച്ചുകൊണ്ടിരുന്ന,ദിച്ചുച്ചുകൊണ്ടിരുന
negi,നേഗി,നെഗി
nizamabad,നിസാമബാദ്,നിസമാബാദ്
shenoy,ഷിനോയ്,ഷെനോയ്
kkiyiluman,ക്കിയിലുമാണ്,ക്കിയിലുമാൻ
belagavi,ബെലഗവി,ബേലഗാവ
joyalanu,ജോയലാണ്,ജോയലലന്
maranasahacharyangal,മരണസാഹചര്യങ്ങള്,മരണസഹചര്യങ്ങൾ
anieyumayi,ആനിയുമായി,അനിയെയുമി
yasassu,യശസ്സ്,യസാസ്സ
sriramengane,ശ്രീറാമെങ്ങനെ,ശ്രീരമെങ്ങനെ
choruun,ചോറൂണ്,ചൊരുൻ
kazhivumutta,കഴിവുറ്റ,കഴിവുമുട
dan,ഡൺ,ദൻ
roth,രൂത്ത്,റോത്ത്
kalikkunnathinal,കളിക്കുന്നതിനാൽ,കളിക്കുന്നതിനൽ
bhashasamaraththil,ഭാഷാസമരത്തിൽ,ഭാസസമരത്തിൽ
adhya,ആധ്യ,അധ്യ
parisineyaanu,പാരീസിനെയാണ്,പരിസിനെയാണ്
onnundayittalla,ഒന്നുണ്ടായിട്ടില്ല,ഒന്നുണ്ടയിട്ടല്ല
vidyarthhiyude,വിദ്യാർത്ഥിനിയുടെ,വിദ്യർത്തിയുടെ
nirakkavunnathanu,നിറക്കാവുന്നതാണ്,നിരക്കാവുന്നതന്
unclennod,അങ്കിളെന്നോട്,ഉൺക്ലെന്നോട്
karuththutta,കരുത്തുറ്റ,കരുത്തുട്ട
peedippikkukayum,പീഢിപ്പിക്കുകയും,പീഡിപ്പിക്കുകയും
eppozhumundu,ഇപ്പോഴുമുണ്ട്,എപ്പോഴുമുണ്ട്
dhivasamaayirunnu,ദിവസമായിരുന്നു,ധിവസമായിരുന്നു
islamikavatkarikkanu,ഇസ്ലാമികവത്കരിക്കാന്,ഇസ്ലാമികവത്കരിക്ക്
students,സ്റ്റുഡന്റ്സ്,സ്റ്റുഡേന്റ്
brake,ബ്രേയ്ക്,ബ്രേക്ക
mcdowell,മക്ഡൊവ്വെല്,മ്ക്രൂവൽ
thirumanamedukkum,തീരുമാനമെടുക്കും,തിരുമണമെടുക്കും
doda,ദോദ,ഡോഡ
aparna,അപർണ,അപർന
vyakthikku,വ്യക്തിയ്ക്ക്,വ്യക്തിക്ക്
vishwasikkunnavarano,വിശ്വസിക്കുന്നവരാണോ,വിശ്വസിക്കുന്നവനോണോ
kodaikanal,കൊടൈക്കനാൽ,കോടൈകനനൽ
thamashaparanjal,തമാശപറഞ്ഞാൽ,തമാശപരഞ്ഞൽ
miranda,മിറാന്റ,മിറാണ്ട
asum,എസും,അസും
malariya,മലേറിയ,മലാരിയ
thares,തെരേസ,തൂസി
eakadinaththil,ഏകദിനത്തിൽ,ഏകടിനത്തിൽ
molina,മൊലിന,മോളിന
jeevithaavasanam,ജീവിതാവസാനം,ജീവിതാവസനം
jay,ജയ്,ജേ
sarawagi,സർവാങ്കി,സരാവാഗി
labhichu,ലഭിച്ച്,ലഭിച്ചു
divasamane,ദിവസമാണ്,ദിവസമനെ
vakkukale,വാക്കുകളെ,വക്കുകളെ
sadharanamayirunnathum,സാധാരണമായിരുന്നതും,സധരണമായിരുന്നതും
kidangu,കിടങ്ങ്,കിടങ്ങു
quintero,ക്വിന്ടെറോ,ക്യിന്റേരോ
aavashiangalanennum,ആവശ്യങ്ങളാണെന്നും,ആവശിങ്ങളാണെന്നും
sramavum,ശ്രമവും,ശ്രാമവു
americakkareppole,അമേരിക്കക്കാരെപ്പോലെ,അമേരിക്കാക്കെപ്പോലെ
strin,സ്ട്രിംഗ്,സ്ട്രിൻ
pearson,പിയേസൺ,പെയർൻഷ
rantaamanaaya,രണ്ടാമനായ,രാന്റാമനാ
pruitt,പ്രൂവിറ്റ്,പ്രൈറ്റ്
pasupuleti,പസുപുലേതി,പാപുപുലെത
eg,എഗ്,ഗഹോ
ronaldoo,റൊണാൾഡോ,റോണൽഡൂ
diibag,ഡീബഗ്,ഐഈഓഝ
veliyetam,വേലിയേറ്റം,വെളിയേറ്റം
gomashe,ഗംശീ,ഗോമശ
thhunnundayirunnu,ത്തുന്നുണ്ടായിരുന്നു,തുന്നുണ്ടായിരുന്നു
brentwood,ബ്രെന്റ്വുഡ്,ബ്രെൻറ്റൂവ്
varnaabhamaaya,വർണ്ണാഭമായ,വർണാഭമായ
pournami,പ<unk>ർണ്ണമി,പൌർണമി
hiroosima,ഹിരോഷിമ,ഹിരൂസിമ
thanathu,തനതു,തനത്
ellaatheyum,ഇല്ലാതെയും,എല്ലാതെയും
pottikkunnathinal,പൊട്ടിക്കുന്നതിനാല്,പൊട്ടിക്കുന്നതിനൽ
akaaunt,അക്ക<unk>ണ്ട്,അകാന്റ്
nadaththaaru,നടത്താറ്,നടത്ത്താ
agendakal,അജണ്ടകൾ,അഗേണ്ടക
thrissurileththichchu,തൃശൂരിലെത്തിച്ചു,തൃശൂരിലെത്തിച്ചി
kowr,കൌർ,കൂർ
kolapaathakaththinethireyum,കൊലപാതകത്തിനെതിരെയും,കൊലപാതകത്തിതെതിനെയിര
anusarichukondan,അനുസരിച്ചുകൊണ്ടാണ്,അനുസരിച്ചുകൊണ്ടൻ
jeevikkunnathenkil,ജീവിക്കുന്നതെങ്കില്,ജീവിക്കുന്നതെങ്കിൽ
hath,ഹീത്ത്,ഹത്ത്
sasanka,ശശാങ്ക,സസാങ്ക
zemaican,ജമൈക്കൻ,സെമിക്ക
ausepp,ഔസേപ്പ്,ആസെപ്പ്
woodbury,വുഡ്ബറി,വൂഡ്ബുര
hills,ഹിൽസ്,ഹിൽസി
world,വേള്ഡ്,വോർഡ്
vilkaan,വില്ക്കാൻ,വില്കാൻ
bhushan,ഭൂഷണ്,ഭുഷൻ
lakeland,ലേക്ക്ലാന്ഡ്,ലകേലന്ദ്
theerezhuthikkoduthum,തീറെഴുതിക്കൊടുത്തതും,തീരെഴുതിക്കൂടുത്തും
policeum,പോലീസും,പൊളിസ്ക
kaavikkodiyumpidiccha,കാവിക്കൊടിയുംപിടിച്ച,കാവിക്കിടിയുപിടിച്ചി
liberty,ലിബർട്ടി,ലിബിർഡി
cheyyu,ചെയ്യൂ,ചെയ്യു
neetan,നീട്ടാൻ,നീതൻ
kulal,കുലാല്,കുലൽ
itharasamsthana,ഇതരസംസ്ഥാന,ഇതരസംസ്ഥനന
dhar,ഥാർ,റർബ
kuttavimukthanakki,കുറ്റവിമുക്തനാക്കി,കുറ്റവിമുക്തനക്കി
pidichunirthana,പിടിച്ചുനിർത്താന,പിടിച്ചുനിർത്തന
pothukaryamanthri,പൊതുകാര്യമന്ത്രി,പൊതുകര്യമന്ത്രി
addhehaththinoppamulla,അദ്ദേഹത്തിനൊപ്പമുള്ള,അദ്ധേഹത്തിനൊപ്പുമുള്
sayen,സയേൺ,സയെൻ
balaththil,ബലത്തിൽ,ബാലത്തി
ddheshichhathinalanu,ദ്ദേശിച്ചതിനാലാണ്,ദ്ദേശിച്ചതിൽനനല്
falls,ഫാള്സ്,ഫൂസി
astar,ആസ്റ്റർ,അസ്റ്റർ
mulappichu,മുളപ്പിച്ച്,മുളപ്പിച്ചു
hendricks,ഹെന്ഡ്രിക്സ്,ഹെൻഡ്രിക്ക്
kaanunnathinu,കാണുന്നതിന്,കാണുന്നതിനു
chindikkunna,ചിന്തിക്കുന്ന,ചിന്ദിക്കുന്ന
peru,പേരു്,പേരു
charchchakk,ചർച്ചക്ക്,ചർച്ച്ചക്
dutiyayathukond,ഡ്യൂട്ടിയായതുകൊണ്ട്,ദുട്യിയയതുകൊണ്ട്
sengar,സെന്ഗര്,സെങ്ങാർ
vaeei,വേയ്,വീടി
equipment,എക്യുപ്മെന്റ്,എക്കൂപ്മെന്റ്
kappanparanjathithan,കാപ്പൻപറഞ്ഞതിതാണ്,കപ്പൻപറഞ്ഞതിതന്ൻ
qwair,കയർ,ക്വ
taeresa,തെരേസ,തീരാസ
karullathayi,കാറുള്ളതായി,കരുള്ളതായി
pindunachchu,പിന്തുണച്ച്,പിണ്ടുനച്ചു
rectifiers,റെക്റ്റിഫയേഴ്സ്,റിക്കിഫിർസി
bharatpur,ഭരത്പൂർ,ഭരത്പ്പ
degre,ഡിഗ്രി,ഉഈഝഝഝഝ
chinayaan,ചൈനയാണ്,ചിനയാൻ
matsarathinu,മത്സരത്തിന്,മത്സ്രത്തിന
gooveend,ഗോവിന്ദ്,ഗൂവീണ്ട്
aapukal,ആപ്പുകൾ,ആപുകൾ
lauk,ലോക്ക്,ലൌക്
valyappachchaykku,വെല്യപ്പച്ചയ്ക്ക്,വല്യപ്പച്ച്ചയ്ക്ക
anusarikkathha,അനുസരിക്കാത്ത,അനുസരിക്കത്ത
pravarththikkukayaan,പ്രവർത്തിക്കുകയാണ്,പ്രവർത്തിത്തിക്കയാ
heath,ഹീത്ത്,ഹേത്ത്
jayasankar,ജയശങ്കർ,ജയസങ്കർ
ayster,ആസ്റ്റർ,എയ്സ്റ്
aanukulyangalum,ആനുകൂല്യങ്ങളും,ആനുകുല്യങ്ങളും
zosaiph,ജോസെഫ്,സോസാഫി
pullu,പുല്ലു,പുള്ളു
agrahame,ആഗ്രഹമേ,അഗ്രഹമേ
athulal,അതുലൽ,അതുലാ
irnakulam,എറണാകുളം,ഇർണകുളം
athyanthika,ആത്യന്തിക,അത്യന്തിക
siiberiiann,സൈബീരിയൻ,സിബിരേയി
thirakkilayirunnu,തിരിക്കിലായിരുന്നു,തിരക്കിലയിരുന്നു
paurnnami,പ<unk>ർണ്ണമി,പൌർണ്ണാമി
thiranjnjeduppilum,തിരഞ്ഞെടുപ്പിലും,തിരഞ്ഞെഞ്ടുപില്ല
nagaland,നാഗാലാന്ഡ്,നഗഗന്ണ്ട്
kalaashikkumennathinaal,കലാശിക്കുമെന്നതിനാല്,കലാശിക്കുമെന്നതിനാൽ
koottaaimakaluyar,കൂട്ടായ്മകളുയര്,കൂട്ടായികളുയേര്
nano,നാനോ,നനോ
pidikoodanum,പിടികൂടാനും,പിടികൂടനും
atlantic,അറ്റ്ലാന്റിക്,അട്ലാന്റിക്
vimaanaraanchal,വിമാനറാഞ്ചൽ,വിമാനരാഞ്ചൽ
liizzii,ലിസി,ലിയ്
picoo,പൈകോ,പിക്
nanayippikkunnathanu,നനയിപ്പിക്കുന്നതാണ്,നനയിപ്പിക്കുന്നതന്
bodhyam,ബോദ്ധ്യം,ബോധ്യം
samuhathe,സമൂഹത്തെ,സമുഹത്തെ
stanleei,സ്റ്റാൻലി,സ്റ്റൻലീ
kamarhati,കമർഹാട്ടി,കമാർഹത്തി
tariiq,താരിഖ്,താരിയ്
siddhikhu,സിദ്ധിഖ്,സിദ്ധിഖു
chembond,ചെമ്പോണ്ട്,ചെമ്പണ്ട്
ronaaldo,റൊണാൾഡോ,റോണാല്ട
jary,ജെറി,ജരി
brennan,ബ്രണ്ണന്,ബ്രെന്നൻ
vinood,വിനോദ്,വിനൂട്
kurannjathum,കുറഞ്ഞതും,കുറഞ്ഞുംത
newdelhi,ന്യൂഡൽഹിഃ,ന്യൂഡേഹി
chaththudaniriyaay,ചത്തുടനോരിയായ്,ചത്തുത്തനിരിയാ
bhandharikkaayi,ഭണ്ഡാരിക്കായി,ഭന്ധരിക്കായി
tey,ടീ,ടെ
damodaranta,ദാമോദരൻറ,ദമോദരന്റ
wiinyl,വിനൈൽ,വിയിന
hazaribag,ഹസാരിബാഗ്,ഹസാരിബിബി
carullathayi,കാറുള്ളതായി,കരുള്ളതായി
parathippettu,പരാതിപ്പെട്ടു,പരത്തിപ്പെട്ട
aalps,ആൽപ്സ്,ആൽസിസ്
ththashraddhayil,ത്തശ്രദ്ധയില്,ത്ഥശ്രദ്ധ്ധയി
silindarinu,സിലിണ്ടറിന്,സിലിണ്ടറിനു
parishodhikkukayanennu,പരിശോധിക്കുകയാണെന്നു,പരിശോധിക്കുകയണെന്ന്
bharat,ഭാരത്,ഭരത്ത
groupaanu,ഗ്രൂപ്പാണ്,ഗ്രൂപാണ്
naalppath,നാൽപത്,നാൽപ്പ
badhayuntayi,ബാധയുണ്ടായി,ബദ്ധയുണ്ടായ
vishwasathinte,വിശ്വാസത്തിന്റെ,വിശ്വസത്തിന്റെ
chhateja,ഛതേജ,ഛത്ജ
owfiicar,ഓഫീസർ,ഓഫിയി
patterson,പാറ്റേർസണ്,പട്ടർർൻ
siel,സീല്,ശീബോ
pakarchcha,പകർച്ച,പകരച്ച
dhaka,ധാക്ക,ധക
kayrayude,കെയ്റയുടെ,കയ്റയുടെ
orayiram,ഒരായിരം,ഒരയിരം
vey,വേയ്,വിയി
druthiyilumayippoyi,ധൃതിയിലുമായിപ്പോയി,ദൃതിയിലുമിയപ്പോയി
robins,റോബിന്സ്,റൊബിൻസി
stein,സ്റ്റെയ്ന്,സ്റ്റീൻ
yogangngalil,യോഗങ്ങളിൽ,യോഗംഗ്ങ്ങ
phyuudal,ഫ്യൂഡൽ,ഫ്യൂദാ
thalasthhaanaththu,തലസ്ഥാനത്ത്,തലസ്ഥ്ഥാനത്
bandhathin,ബന്ധത്തിന്,ബന്ധത്തിൻ
singam,സിങ്കം,സിംഗം
veekshikkan,വീക്ഷിക്കാൻ,വീക്ഷിക്കൻ
pravachakarude,പ്രവാചകരുടെ,പ്രവചകരുടെ
mumbai,മുംബൈ,മുബബി
hajarakkanam,ഹാജരാക്കണം,ഹജാരക്കണം
crane,ക്രെയിന്,ക്രാനെ
colur,കളർ,കഭൂ
nagpur,നാഗ്പുർ,ന്പീർ
sreeniivasan,ശ്രീനിവാസൻ,ശ്രീനിവൈസാ
papers,പേപ്പേർസ്,പഏഝഝഝഝഝഝഝ
atmahathyayeyalla,ആത്മഹത്യയെയല്ല,അമ്മഹത്യയെയല്ല
raai,റായി,റൈ
suzlon,സുസ്ലോൺ,സസ്ലോൻ
pereddy,പെറെഡ്ഡി,പേരിഡ്ഡി
kavum,കാവും,കവും
kharagpur,ഖരഗ്പുർ,ഖരാഗ്പൂ
alexander,അലക്സാണ്ടർ,അലെക്കാർട്
ray,റേ,റി
casey,കാസി,കസെയ
pankaliyaya,പങ്കാളിയായ,പങ്കലിയായ
nirmithamaayirunnu,നിർമ്മിതമായിരുന്നു,നിർമിത്തമായിരുന്നു
padatthil,പദത്തിൽ,പടത്തിൽ
kriya,കിയ,ക്ര
sthriykku,സ്ത്രീയ്ക്ക്,സ്ത്രിയ്ക്ക്
tharesa,തെരേസ,തരീസ
rashtraputhriyayi,രാഷ്ട്രപുത്രിയായി,രാഷ്ട്രപുത്രിയിയ
rajngikk,രാജ്ഞിക്ക്,രജ്ഗ്ങിക്ക
raajathangamennu,രാജതങ്കമെന്ന്,രാജതങ്ങമെന്ന്
coachil,കോച്ചിൽ,കൂച്ചിൽ
bharanakalamaayirunnennu,ഭരണകാലമായിരുന്നെന്ന്,ഭരണകളമായിരുന്നെന്ന്
haaroon,ഹാറൂൻ,ഹാരൂൻ
lokabaankinte,ലോകബാങ്കിന്റെ,ലോകബാഗ്കിന്റെ
athin,അതിന്,അതിൻ
panamitapaat,പണമിടപാട്,പനമിടപാട്
paththuthoonukal,പത്തുതൂണുകള്,പത്തുതുതൂണുക
seshasayee,സെഷസായീ,ശേശസയേ
sosaittikku,സൊസൈറ്റിക്ക്,സോസൈറ്റിക്ക്
praachiina,പ്രാചീന,പ്രാച്ച
onaaghosham,ഓണാഘോഷം,ഒനാഘോഷം
barai,ഭരായ്,ബേരൈ
thudarunuvenkilum,തുടരുന്നുവെങ്കിലും,തുടരുനുളെങ്കിലും
yusoof,യൂസഫ്,യസൂഫി
stop,സ്റ്റോപ്പ്,സ്റ്റോപ്
agrahikkunnavarkku,ആഗ്രഹിക്കുന്നവർക്ക്,അഗ്രഹിക്കുന്നവർക്ക്
yile,യിലെ,വിയെ
manushyathuavum,മനുഷ്യത്വവും,മനുഷ്യത്താവു
asiakkarennum,ഏഷ്യക്കാരെന്നും,അസിയക്കാരെന്നും
thelinjnjathu,തെളിഞ്ഞത്,തെളിഞ്ഞ്ഞ
benjamintesent,ബഞ്ചമിന്റെസെന്റ്,ബെഞ്ചമിന്റേസ്റ്റ
eththarakkaare,ഇത്തരക്കാരെ,എത്തരക്കാരെ
prathikshichchuvenn,പ്രതീക്ഷിച്ചുവെന്ന്,പ്രതിക്ഷിച്ചുവെന്ന്
atich,അടിച്ച്,അത്തിച്
jamyaapekshayil,ജാമ്യാപേക്ഷയിൽ,ജമ്യാപേക്ഷയിൽ
thokku,തോക്ക്,തോക്കു
amerikakkaareppole,അമേരിക്കക്കാരെപ്പോലെ,അമേരിക്കാരാകെപ്പോലെ
cooper,കൂപ്പർ,കൂപർർ
bhaskar,ഭാസ്കർ,ഭസ്ക്ക
subex,സുബെക്സ്,ശുബീസു
bykkileththiya,ബൈക്കിലെത്തിയ,ബിക്കിലെത്തിയ
annapolis,അനപൊലിസ്,അന്നപോലി
pasaakumennaanu,പാസാകുമെന്നാണ്,പസാകുമെന്നാണ്
vishwasathin,വിശ്വാസത്തിന്,വിശ്വസത്തിൻ
gujarat,ഗുജറാത്ത്,ഗുജാരത്ത്
shathilekk,ഷതിലെക്ക്,ശത്തിലേക്
navsari,നവ്സാരി,നേസ്രരി
scariathomasum,സ്കറിയാതോമസും,സ്ക്രീരിതമ്മേ
pariharangalude,പരിഹാരങ്ങളുടെ,പരിഹരങ്ങളുടെ
indira,ഇന്ദിരാ,ഇൻഡിര
somany,സൊമെനി,സോമാനി
thiirumaanichchu,തീരുമാനിച്ചു,തിരിമാനിച്ചു
natathappetta,നടത്തപ്പെട്ട,നത്തപപ്പെട്ട
thumb,തുമ്പ്,ഭണിസും
grove,ഗ്രോവ്,ഗ്രൂെ
samaharicha,സമാഹരിച്ച,സമഹരിച്ച
roocket,റോക്കറ്റ്,റൂക്കെട്ട
mrukangalilum,മൃഗങ്ങളിലും,മൃകങ്ങളിലും
greer,ഗ്രീർ,ജഝഝഝഝ
siinhaal,സിംഹള,സിന്ധ
cheyyunnathilude,ചെയ്യുന്നതിലൂടെ,ചെയ്യുന്നതിലുടെ
dewas,ദേവാസ്,ഡേസി
karuthulla,കരുത്തുള്ള,കരുതുള്ള
nandanwar,നന്ദവാർ,നന്ദന്വ
abhyoohangngal,അഭ്യൂഹങ്ങൾ,അഭ്യൂഹംഗങ്
jadhaya,ജാഥയ,ജാധാ
metanja,മെടഞ്ഞ,മെറ്റജ
pralayakalath,പ്രളയകാലത്ത്,പ്രളയകളത്ത്
sthapikkunnathin,സ്ഥാപിക്കുന്നത്തിന്,സ്ഥപിക്കുന്നതിന്
manoharamayirunnuvenna,മനോഹരമായിരുന്നുവെന്ന,മനോഹരാമിയുന്നുവെന്ന
strongsville,സ്ട്രോംഗ്സ്വില്,സ്ട്രോങ്സ്സില്ല
dakshinafrikkayum,ദക്ഷിണാഫ്രിക്കയും,ദക്ഷിണഫിക്കയ്യും
onnuntayittalla,ഒന്നുണ്ടായിട്ടില്ല,ഒന്നുമ്പൈറ്റല്ല
seide,സീദ്,സെയി
mahajan,മഹാജന്,മഹാജൻ
pouranum,പ<unk>രനും,പൌരനും
librarikal,ലൈബ്രറികൾ,ലിബ്രറികൾ
kadhayaanathu,കഥയാണത്,കഥയാനത്
andhra,ആന്ധ്ര,അന്ധ്ര
kazhikkanamenne,കഴിക്കണമെന്നേ,കഴിക്കണമെന്നെ
kyuub,ക്യൂബ്,ക്യൂബു
thumbu,തുമ്പ്,തുമ്പു
aakaanthathayum,ഏകാന്തതയും,ആകാന്തതയും
illathakum,ഇല്ലാതാകും,ഇല്ലാതകും
wathore,വാത്തോർ,വത്തോരെ
treeyandhatha,ട്രീയാന്ധത,ത്രീയന്ധ്ധ
daune,ഡൺ,ദൌ
maasaarambhathinu,മാസാരംഭത്തിനു,മാസാരംഭത്തിന്
vilakal,വിലകൾ,വിളകൾ
suffolk,സഫോൾക്,സഫോഫൾക
monoo,മോണോ,മോനൂ
barry,ബേറി,ബറി
shatriya,ക്ഷത്രിയ,ശത്രിയ
villow,വീതം,വില്
panjchaamgam,പഞ്ചാംഗം,പഞ്ചാശംഗ
patil,പാട്ടില്,പട്ടിൽ
gaurii,ഗ<unk>രി,ഗൌരി
ladiz,ലേഡീസ്,ലാഡിസി
eettiveerapaalayam,ഈട്ടിവീരപാളയം,ഈട്ടിവീരപാലയം
paadasekharasamithikku,പാടശേഖരസമിതിക്കു,പാദശേഖരസമിതിക്ക്
nahan,നഹാൻ,നഹൻ
chathyartthil,ചത്വരത്തിൽ,ചത്യർത്തിൽ
bordar,ബോർഡർ,ബോർബർ
karuthiyan,കരുതിയാണ്,കരുതിയൻ
palliyilekkanu,പള്ളിയിലെക്കാണു,പള്ളിയിലേക്കാണ്
vangathirunnathinulla,വാങ്ങാതിരുന്നതിനുള്ള,വംഗത്തിരുന്നതിനുള്ള
samghangngalude,സംഘങ്ങളുടെ,സംഘങ്ങ്ങളു
theerees,തെരേസ,ശീമീസ
avalokanangal,അവലോകനങ്ങൾ,അവളോകനങ്ങൾ
deleon,ഡെലെയോന്,ഡിലെൻ
vaahanathhin,വാഹനത്തിന്,വാഹനത്തിൻ
ozhukkunnathinaal,ഒഴുക്കുന്നതിനാല്,ഒഴുക്കുന്നതിനാൽ
adyrashyamaaya,അദൃശ്യമായ,അദ്ര്യശ്യ
chithrangaleyum,ചിത്രങ്ങളെയും,ചിത്രങ്ങളേയും
aoupachaarikamaayi,ഔപചാരികമായി,ആപചാരികമിയാ
nalkumna,നല്കുംന,നൽകുംന
pulartharund,പുലർത്താറുണ്ട്,പുലർത്തറുണ്ട്
primary,പ്രൈമറി,പ്രിമാര
enimuthal,ഇനിമുതൽ,എനിമുതൽ
avasanichathaayi,അവസാനിച്ചതായി,അവസനിച്ചതായി
vayarlas,വയർലസ്,വയർലാസ
texas,ടെക്സാസ്,ൾഞളൽം
sveekarikkukayan,സ്വീകരിക്കുകയാണ്,സ്വീകരിക്കുകയൻ
velyappachchaikk,വെല്യപ്പച്ചയ്ക്ക്,വെള്യപ്പച്ച്ചിക്ക
teras,ടെറസ്,ഥഔഝഊഝ
andee,ആൻഡി,അൻഡീ
iyide,ഈയിടെ,ഇയിടെ
pravarthhikkanum,പ്രവർത്തിക്കാനും,പ്രവർത്തിക്കനും
sanghvi,സങ്കവി,സാം്്വ
timken,ടിംകെന്,ടിംകെൻ
modesto,മൊഡെസ്റ്റോ,മോഡിസ്റ്റോ
ajerbejaan,അസർബെയ്ജാൻ,അജർബൻജാൻ
mareekka,മറീക്ക,മരീക്ക
poleyakkuka,പോലെയാക്കുക,പൊലേയക്കുക
galaxykk,ഗാലക്സിയ്ക്ക്,ഗാലസ്ക്ക്
mahaadeevaksheethram,മഹാദേവക്ഷേത്രം,മഹാദീവക്ഷീത്രം
earaqi,ഇറാഖി,ഏറാകി
chickenekkurichhu,ചിക്കനെക്കുറിച്ച്,ചിക്കീനെക്കുറിച്ച
kampyoottar,കമ്പ്യൂട്ടർ,കംപ്യൂട്ടർ
kavilinayilu,കവിളിണയില്,കവിളിനയില്
nammalil,നമ്മളിൽ,നമ്മലിൽ
krooshikkappetta,ക്രൂശിക്കപ്പെട്ട,ക്രൂഷിക്കപ്പെട്ട
cherkkappedanum,ചേർക്കപ്പെടാനും,ചെർക്കപ്പെടനും
diiviison,ഡിവിഷൻ,ഡൈവിഷി
melleppokkukaranu,മെല്ലെപ്പോക്കുകാരാണ്,മെല്ലെപ്പോക്കുകരന്
kudumbaasuutranna,കുടുംബാസൂത്രണ,കുടുംബാസുദ്രന
charakku,ചരക്ക്,ചറക്കു
diskound,ഡിസ്കൌണ്ട്,ഡിസ്കുകണ്ട
aiadmk,എഐഎഡിഎംകെ,ഐയഡ്മ്
chithratthilulla,ചിത്രത്തിനുള്ള,ചിത്രത്തിലുള്ള
roopaayayi,രൂപയായി,രൂപായായ
ayalrajyangalkku,അയൽരാജ്യങ്ങൾക്കു,അയൽരാജ്യങ്ങൾക്ക്
atkins,അറ്റ്കിന്സ്,അട്കിൻസ്
srushttikkaanum,സൃഷ്ടിക്കാനും,സൃഷ്ട്രിക്കാന
ppikkamennum,പ്പിക്കാമെന്നും,പ്പിക്കമെന്നും
pariikshaa,പരീക്ഷാ,പരിക്ഷ്
karthavum,കർത്താവും,കർത്തവും
mmikapinthunayum,മ്മികപിന്തുണയും,മ്മികാപിന്തുണയു
sambhashanaththil,സംഭാഷണത്തിൽ,സംഭഷണത്ത്തി
zoones,ജോൺസ്,ജണീസി
missail,മിസ്സൈൽ,മിസ്സാൽ
dixon,ഡിക്സൺ,ഡിക്കോ
alakkuvaan,അളക്കുവാൻ,അലക്കുവാൻ
shithilamaakunnathode,ശിഥിലമാകുന്നതോടെ,ശിതിലമാകുന്നതോടെ
aththaraththiloru,അത്തരത്തിലൊരു,അത്തരത്തില്ലോ
tewari,തെവാരി,ടെവാരി
pahaadeevaksheethram,മഹാദേവക്ഷേത്രം,പഹാദീവക്ഷീത്രം
padippicha,പഠിപ്പിച്ച,പടിപ്പിച്ച
darbhanga,ദർബാങ്ങ,ദർഭംഗം
kodukal,കോഡുകൾ,കൊടുകൾ
prashanthi,പ്രശാന്തി,പ്രശന്തി
silinderinu,സിലിണ്ടറിന്,സിലിന്ദേരിന
parichayappetunnathum,പരിചയപ്പെടുന്നതും,പരിചയപ്പെട്ടുന്നത
qataril,ഖത്തറിൽ,കാട്രിൽ
punarulppadanavumayi,പുനരുൽപ്പാദനവുമായി,പുനരുൾപ്പദനമുമായി
ashraf,അഷറഫ്,ആഷിബി
vyakhyanangalilanu,വ്യാഖ്യാനങ്ങളിലാണ്,വ്യ്യഖന്ങ്ങളിലാണ്
stanlii,സ്റ്റാൻലി,സ്റ്റൻലി
abhinayarangangal,അഭിനയരംഗങ്ങള്,അഭിനയരംഗങ്ങൾ
golden,ഗോള്ഡെന്,ഗോൾഡൻ
thurassaaya,തുറസ്സായ,തുരസ്സായ
dabbu,സബ്ബ്,ദബബു
riyaad,റിയാദ്ഃ,റിയാട്ട
ithrayumkooduthalu,ഇത്രയുംകൂടുതല്,ഇത്രയ്ഗുകൂടുത്
petirunnillennu,പെട്ടിരുന്നില്ലെന്ന്,പെടിരുന്നില്ലെന്ന്
stokes,സ്റ്റോക്ക്സ്,സ്റ്റോക്സ്
vishamathilanennu,വിഷമത്തിലാണെന്ന്,വിഷമത്തിലണെന്ന്
apparels,അപ്പാരൽസ്,അപ്പാരേസ്
stakeulla,സ്റ്റേക്കുള്ള,സ്റ്റീകുള്ള
vidyarthhinikal,വിദ്യാർത്ഥിനികൾ,വിദ്യർത്തിനികൾ
kalamayi,കാലമായി,കളമായി
koodiyanu,കൂടിയാണു,കൂടിയാണ്
bakshanavibhavangngal,ഭക്ഷണവിഭവങ്ങൾ,ബക്ഷണവിഭവൽഗങ്
shahid,ഷഹിദ്,ഷാഹിദ
berg,ബെര്ഗ്,ഭഝഓഝഝഝ
pinvalicchathote,പിൻവലിച്ചതോടെ,പിൻവലിച്ചത്തോ
vishwasikalkku,വിശ്വാസികൾക്ക്,വിശ്വസികൾക്ക്
viswasam,വിശ്വാസം,വിശ്വസം
sfodana,സ്ഫോടന,സ്ഫോഡന
guideukal,ഗൈഡുകൾ,ഗെയ്ഡു
aleem,അലീം,ആംീം
morales,മൊറെയിൽസ്,മൊരോസിസെ
sitaram,സീതാറാം,സിത്രാര
chaalsu,ചാൾസ്,ചാൽസ്
cantabary,കാന്റബറി,കാന്റാബറ
parathiyundu,പരാതിയുണ്ട്,പരതിയുണ്ട്
padippikkan,പഠിപ്പിക്കാൻ,പഠിപ്പിക്കൻ
cherkkappedaanum,ചേർക്കപ്പെടാനും,ചെർക്കപ്പെടാനും
chandrapur,ചന്ദ്രപൂർ,ചന്ദ്രാപൂ
asura,അസൂറ,അസൂര
nizamat,നിസാമത്,നിസമത്ത
citizen,സിറ്റിസൺ,സിറ്റിസെ
powers,പവേർസ്,പൂർസി
nanavumaaraaththa,നനവുമാറാത്ത,നനവുമാരാത്ത
naadu,നാടു,നാട്
pehowa,പെഹോവ,പിഹോവ
shiruthaykal,ശിറുതൈകൾ,ശിരുതയ്ക
adity,അദിതി,അഡിത്
mckenzie,മക്കെൻസി,മ്ക്കൻസി
tunnelumayi,ടണലുമായി,ടുന്നേലു
clarita,ക്ലരിട,ക്ലാറി
mruka,മൃഗ,മൃക
gawasiyaaya,ഗവാസിയായ,ഗാവസിയായ
ronalldo,റൊണാൾഡോ,റോണല്ലോ
vilaykku,വിലയ്ക്കു,വിളയ്ക്ക്
rosario,റെസാരിയോ,റോസറിയോ
corp,ക്രോപ്,കോർഫി
guatimalayil,ഗ്വാട്ടിമാലയിൽ,ഗാരിമ്മലയിൽ
pravarthakaraan,പ്രവർത്തകരാണ്,പ്രവർത്തകരാൻ
orchha,ഓര്ച്ച,ഓർച്ച
ithihasikamaya,ഐതിഹാസികമായ,ഇതിഹസികമായ
eranakulathu,എറണാകുളത്ത്,ഇറണകുളത്ത്
longview,ലോംഗ്വ്യൂ,ലോംഗ്വീവ്
forona,ഫൊറോനാ,ഫൊറോണ
footbal,ഫുട്ബോൾ,ഫുക്ബാൽ
iskreem,ഐസ്ക്രീം,ഇഷ്ക്രീം
montgomery,മോണ്ട്ഗൊമെറി,മോണ്ട്ഗോമിരി
oaks,ഓക്സ്,ഓക്ക്
paampin,പാമ്പിന്,പാമ്പിൻ
punjaabil,പഞ്ചാബിൽ,പുഞ്ഞാബി
mariykkaaththavare,മരിയ്ക്കാത്തവരെ,മറിയ്ക്കാത്തതവര
sammarddavum,സമ്മർദ്ദവും,സമ്മാർഡ്ദവു
coral,കോറല്,കോരാൽ
chelaveriya,ചെലവേറിയ,ചെലവേരിയ
coachukal,കോച്ചുകൾ,കൂച്ചുകൾ
sivajee,ശിവാജി,ശിവജീ
vayikkam,വായിക്കാം,വയിക്കം
york,യോര്ക്ക്,യോർക്ക്
jersi,ജേഴ്സി,ജൂർസി
denver,ഡെന്വെര്,ഡവൽർ
haindhavar,ഹൈന്ദവർ,ഹൈന്ധവർ
arappattini,അരപ്പട്ടിണി,അറപ്പാട്ടിന
jamaikkam,ജമൈക്കൻ,ജമയിക്ക
infobeans,ഇന്ഫോബീന്സ്,ഇൻഫോബിൻസ്
nipunaayi,നിപുനായി,നിപുണായി
paranjnjilla,പറഞ്ഞില്ല,പറഞ്ഞ്ഞില
license,ലൈസൻസ്,ലൈൻസെസ
marakkoottamvareyulla,മരക്കൂട്ടംവരെയുള്ള,മറക്കൂട്ടംവരെയുള്ള
soseeds,സോസേഡ്സ്,ഷണീസി
kalayalavukalillulla,കാലയളവുകളിലുള്ള,കളയാളവുകളിലുള്ള
athbuthakaramaayi,അത്ഭുതകരമായി,അത്ബുതകരമായി
ayurvedathile,ആയുർവേദത്തിലെ,അയുർവേദത്തിലെ
syracuse,സിറക്യൂസ്,സ്യൈകകുസെ
kattilekk,കാട്ടിലേക്ക്,കട്ടിലേക്ക്
aarambhichchathaayi,ആരംഭിച്ചതായി,ആരംഭിച്ച്ചതാ
nayaye,നായയെ,നയാെ
tyler,ടൈലർ,വഊഝഝ
miicky,മിക്കി,മിയ്ക്
cylindarukal,സിലിണ്ടറുകൾ,ക്യിൻഡറുകൾ
parathi,പറത്തി,പരതി
malaria,മലേറിയ,മലാരിയ
thirichcheththunnavarano,തിരിച്ചെത്തുന്നവരാണോ,തിരിച്ച്ചെത്തുന്നവനാ
mathur,മാത്തൂർ,മതൂർ
unionile,യൂണിയനിലെ,യൂണിനെലി
cera,സെറ,സേര
manju,മഞ്ജു,മഞ്ഞു
thudaranan,തുടരാനാണ്,തുടരണൻ
paapparasikkil,പാപ്പരാസിക്കിൽ,പാപ്പരസിക്കിൽ
anasteshya,അനസ്തേഷ്യ,അനസ്റ്റേഷ
sidhikhu,സിദ്ധിഖ്,സിദ്ധിഖു
chodyamundaairunnathu,ചോദ്യമുണ്ടായിരുന്നത്,ചോദ്യമുണ്ടാരിരുന്നത്
peachtree,പീച്ച്ട്രീ,പേച്ച്രീ
logistics,ലോജിസ്റ്റിക്സ്,ലോഗിസ്റ്റിക്ക്
samskarichath,സംസ്കരിച്ചത്,സംസ്ക്രിച്ചത
utharavadathil,ഉത്തരവാദത്തില്,ഉത്തരവടത്തിൽ
vinoda,വിനോദ്,വിനോദ
ayurvedathilum,ആയുർവേദത്തിലും,അയുർവേദത്തിലും
palisetti,പലിസെട്ടി,പാലിസെറ്റ
randall,റാന്ഡല്,രണ്ടൽൽ
thotu,തോറ്റ്,തോട്ട്
siberiayile,സൈബീരിയയിലെ,സിബേരിയയിലെ
reilly,റെയ്ല്ലി,റെയില്ലി
kondatu,കൊണ്ടത്,കൊണ്ടാട
sanghangngalude,സംഘങ്ങളുടെ,സംഘങ്ങ്ങളു
usthaadadakkamulla,ഉസ്താദടക്കമുള്ള,ഉസ്താടടക്കമുള്ള
wandayudeyum,വാൻഡയുടെയും,വണ്ടയുടെയും
chaalicch,ചാലിച്ച്,ചാലിക്ച്
uthsavabali,ഉത്സവബലി,ഉത്സവസാല
marichhathenkil,മരിച്ചിരുന്നതെങ്കില്,മരിച്ചതെങ്കിൽ
engineering,എഞ്ചിനീയറിംഗ്,എൻജിനീറിംഗ്
chenaiyilaannu,ചെന്നൈയിലാണ്,ചെനയിയിലാണ്
samar,സമര,സർമ
chodyapaper,ചോദ്യപേപ്പർ,ചോദ്യപാപേർ
futbal,ഫുട്ബോൾ,ഫയ്ബബൽ
malayidumpante,മലയിടുമ്പന്റെ,മലയിടുംപന്റെ
nivarnnu,നിവർന്നു,നിവർന്ന്
electroonic,ഇലക്ട്രോണിക്,ഇലക്ക്രൂണിക്
billian,ബില്യൺ,ബില്ലി
vidagdachikilsaykkaayi,വിദഗ്ധചികിൽസയ്ക്കായി,വിദഗ്ദചികിൽസ്ക്കായി
junil,ജൂണിൽ,ജുനിൽ
mataro,മറ്റാരോ,മത്രാോ
patthuthoonukal,പത്തുതൂണുകള്,പത്തുതൂവുണ്ക
sangethathinte,സങ്കേതത്തിന്റെ,സംഗേതത്തിന്റെ
chowdhury,ചൌധരി,ചോവ്ധ
bare,ബാരെ,ളരെ
arokke,ആരൊക്കെ,അരൊക്കെ
cheythathil,ചെയ്തതിൽ,ചെയ്തത്ത
vimaanathhavalangalil,വിമാനത്താവളങ്ങളിൽ,വിമാനത്തവലങ്ങളിൽ
naayaattu,നായാട്ടു,നായാട്ട്
asadhukkiya,അസാധുക്കിയ,അസഹുക്കിയ
kariamund,കാര്യമുണ്ട്,കരിയാമുണ്ട്
nanavumarathha,നനവുമാറാത്ത,നനവുമാരത്ത
coon,കൂണ്,കൂൻ
aksharaarthhaththil,അക്ഷരാർഥത്തിൽ,അക്ഷരാർത്ഥത്ത
freeman,ഫ്രീമാന്,ഫ്രീമൻ
thetaayenna,തെറ്റായെന്ന,തെറായെന്ന
pathinaalam,പതിനാലാം,പതിനാലം
granthamaaya,ഗ്രന്ഥമായ,ഗ്രന്തമായ
gavasiyaaya,ഗവാസിയായ,ഗവസിയായ
caplin,ക്യാപ്ലിന്,കാപ്ലിൻ
nagaur,നാഗോർ,നഗൂർ
aromatics,അരോമാറ്റിക്സ്,അരോമാറ്റിക്ക്
kanana,കാനന,കനാന
poththaanulla,പൊത്താനുള്ള,പൊത്താനാളുള
jamaika,ജമൈക്ക,ജാമൈക
annirikkatte,എന്നിരിക്കട്ടെ,അന്നിരിക്കട്ടെ
aqaunt,അക്ക<unk>ണ്ട്,അകൌന്റ്
sancharichchukondumaanu,സഞ്ചരിച്ചുകൊണ്ടുമാണ്,സഞ്ചരിച്ചുകൊണ്ടുമ്ണാ
kurichittullathan,കുറിച്ചിട്ടുള്ളതാണ്,കുറിച്ചിട്ടുള്ളതൻ
vishvasikalkk,വിശ്വാസികൾക്ക്,വിശ്വസികൾക്ക്
marsh,മാർഷ്,മർഷി
churu,ചൂരു,ചുരു
navothaana,നവോത്ഥാന,നവോത്താന
prakyapikkappettu,പ്രഖ്യാപിക്കപ്പെട്ടു,പ്രക്യപിക്കപ്പെട്ടു
shanthiyumsamadhanavum,ശാന്തിയുംസമാധാനവും,ശാന്തിയുംസമധനവും
sthriyeyum,സ്ത്രീയെയും,സ്ത്രിയേയും
odom,ഓഡം,ഓഡോ
hirooshima,ഹിരോഷിമ,ഹിരൂഷിമ
anasthesia,അനസ്തേഷ്യ,അനസ്തേശിയ
prashnangngalund,പ്രശ്നങ്ങളുണ്ട്,പ്രശ്നങ്ങ്ങളുണ്
esmailenna,ഇസ്മായിലെന്ന,എസ്മയിലെന്ന
vaikalyangaleyum,വൈകല്യങ്ങളും,വൈകല്യങ്ങളേയ
parihasikkentivannu,പരിഹസിക്കേണ്ടിവന്നു,പരിഹസിക്കെണ്ടിവന്ന്
podiyakkunnathanu,പൊടിയാക്കുന്നതാണ്,പൊടിയാക്കുന്നതന്
jarry,ജെറി,ജറി
kkumennuman,ക്കുമെന്നുമാണ്,ക്കുമെന്നുമാൻ
vellore,വെല്ലൂർ,വെള്ളിര
samri,സാമ്രി,സമിരി
weeks,വീക്സ്,വകസസി
salt,സാൾട്,സാത്ത
kathirunn,കാത്തിരുന്ന്,കത്തിരുന്ന്
steele,സ്റ്റീല്,സ്റ്റീലെ
aistar,ആസ്റ്റർ,ഐസ്റ്റർ
kettan,കെട്ടാൻ,കെട്ടൻ
chaalichchu,ചാലിച്ച്,ചാലിച്ചു
bandhathhin,ബന്ധത്തിന്,ബന്ധത്തിൻ
bheekaravaada,ഭീകരവാദ,ഭീകരവാട
killeen,കില്ലീന്,കില്ലീൻ
nadathhivanna,നടത്തിവന്ന,നടത്തിവിന്
balakrishna,ബാലകൃഷ്ണ,ബലകൃഷ്ണന
glycols,ഗ്ളൈകോൾസ്,ഗിലിസോസോ
beck,ബെക്ക്,ബേക്ക്
buchanan,ബുചാനന്,ബുചനൻ
aloominam,അലുമിനിയം,അലൂമിനം
kurannjathu,കുറഞ്ഞത്,കുറഞ്ഞ്ത
di,ടീ,ഡഝ
parathiyil,പരാതിയിൽ,പരതിയിൽ
tara,താര,തറാ
underwood,അണ്ടർവുഡ്,ഉണ്ടർവൂർട
avadhidinathil,അവധിദിനത്തില്,അവധിദിനത്തിൽ
peralta,പരാള്ട്ട,പെരാൽത്ത
mandangale,മാണ്ഡങ്ങളെ,മന്ദങ്ങളെ
thayyaredukkukayanu,തയ്യാറെടുക്കുകയാണ്,തയ്യറെടുക്കുകയാണ്
athbuthangal,അത്ഭുതങ്ങൾ,അത്ബുതങ്ങൾ
jupiter,ജൂപീറ്റർ,ജുപിർട്ട
lam,ലാം,ലോം
kingfa,കിംഗ്ഫ,കിംഗ്
arnaqulam,എറണാകുളം,അർണാകുളം
koduppichchukondanu,കൊടുപ്പിച്ചുകൊണ്ടാണ്,കൊടുപ്പിച്ചുകൊണ്ടുണ്
aystar,ആസ്റ്റർ,അയ്സ്റ്
thadanjukondayirunnu,തടഞ്ഞുകൊണ്ടായിരുന്നു,തടഞ്ഞുകൊണ്ടിരുന്നു
palulpadanaththe,പാലുല്പാദനത്തെ,പലുൽപടനത്തെ
pathirappalli,പാതിരപ്പള്ളി,പതിരപ്പള്ളി
vidhwaan,വിദ്വാൻ,വിധ്വാൻ
roonalldoo,റൊണാൾഡോ,റൂണൽല്ട
cheralath,ചെരളത്ത്,ചേരളത്ത്
samanyayippichu,സമന്വയിപ്പിച്ച്,സമന്യയിപ്പിച്ചു
ellison,എല്ലിസണ്,എല്ലിഷൻ
parathikkari,പരാതിക്കാരി,പരതിക്കാരി
howrah,ഹ<unk>റ,ഹൂമി
tariik,താരിഖ്,താരിയ്
dayaasparaa,ഡയാസ്പറാ,ദയാസ്പരാ
poojicchu,പൂജിച്ച്,പൂജിച്ചു
panihati,പാനിഹാടി,പനിഹാതി
thousand,തൌസന്റ്,തൌസാന്ദ
alankaravasthukkalodu,അലങ്കാരവസ്തുക്കളോടു,അലങ്കരവസ്തുക്കളോട്
undayirunnathan,ഉണ്ടായിരുന്നതാണ്,ഉണ്ടായിരുന്നതൻ
tunisiayil,ടൂണീഷ്യയില്,ടുണിഷ്യയിൽ
ayan,അയൺ,അയൻ
kollatth,കൊല്ലത്ത്,കൊള്ളത്ത്
metha,മേത്ത,മെത്ത
idavelaykku,ഇടവേളയ്ക്കു,ഇടവേലയ്ക്ക്
vishvasikkaanpolum,വിശ്വസിക്കാൻപോലും,വിശ്വസിക്കാന്പോലു
benitez,ബെനിറ്റസ്,ബെനിറെസ്
grendham,ഗ്രന്ഥം,ഗ്രേന്ധ
jnaana,ജ്ഞാന,ജ്നാന
edison,എഡിസൺ,ഇഡിസൻ
kettittund,കേട്ടിട്ടുണ്ട്,കെട്ടിട്ടുണ്ട്
gulf,ഗൾഫ്,ോശുഫ
kantittillaaththa,കണ്ടിട്ടില്ലാത്ത,കന്റിട്ടില്ലാത്ത
mrukangamaayi,മൃഗമായി,മൃകംഗമാ
chaurasiya,ചൌരസ്യ,ചൌരസിയ
delevisionu,ടെലിവിഷന്,ഡെലിവിഷന്
roopappedunnathodeyan,രൂപപ്പെടുന്നതോടെയാണ്,രൂപപ്പെടുന്നതോടെയെ
saund,സ<unk>ണ്ട്,സൌണ്ട്
ban,ബീൻ,ബൻ
sanpadyam,സമ്പാദ്യം,സൻപദ്യം
hess,ഹെസ്സ്,േഝഝഝഝഝ
padinjaar,പടിഞ്ഞാറ്,പടിഞ്ഞാർ
coimbatore,കോയമ്പത്തൂര്,കിയ്മറ്ററെ
pazhedam,പഴേടം,പഴേദം
maasaarambhaththinu,മാസാരംഭത്തിനു,മാസാരംഭത്തിന്
bauer,ബൌവെര്,ബൂർ
theernnu,തീർന്ന്,തീർന്നു
theerumanameduthath,തീരുമാനമെടുത്തത്,തീരുമണമെടുത്തത്
coupang,കൂപാംഗ്,കൂപാങ്ങ
paattuntaakkunnu,പാട്ടുണ്ടാക്കുന്നു,പാറ്റുണ്ടാക്കുന്നു
hasapuranam,ഹാസപുരാണം,ഹസപുരണം
pradarshanangngaludeyum,പ്രദർശനങ്ങളുടെയും,പ്രദർശനങ്ങ്ങളുടെയ
ulpannam,ഉല്പന്നം,ഉൽപണ്ണം
hill,ഹില്,ഹിൽൽ
generalaayirunnu,ജനറലായിരുന്നു,ജനറേലായിരുന്ന
pallukalude,പല്ലുകളുടെ,പള്ളുകളുടെ
land,ലാന്ഡ്,ലാൻഡ്
aluminum,അലുമിനിയം,അലുമിനും
mastellar,മാസ്റ്റെല്ലര്,മസ്റ്റെല്ലാർ
jennings,ജെന്നിങ്സ്,ജെന്നിംഗ്
aarchu,ആർച്ച്,ആർച്ചു
dun,ഡൺ,ദൈ
abhimanamayi,അഭിമാനമായി,അഭിമനമായി
kaalikalaabham,കാലികലാഭം,കാളികളാഭം
dayaniya,ദയനീയ,ദയാനി
sthapanangale,സ്ഥാപനങ്ങളെ,സ്ഥപനങ്ങളെ
pravarthakaran,പ്രവർത്തകരാണ്,പ്രവർത്തകരൻ
avatharaka,അവതാരക,അവതരക
khargone,ഖര്ഗോണ്,ഖർഗോണെ
heblikar,ഹെബിൽകർ,ഹെബ്ലിക
welding,വെല്ഡിംഗ്,വെഡിൽഗിം
puthuvathsara,പുതുവത്സര,പുതുവത്സ്
bodhavanmaranu,ബോധവന്മാരാണ്,ബോധവന്മാരന്
madyapaanvum,മദ്യപാനവും,മദ്യപാൻവും
officer,ഓഫീസർ,അജീർബ
peeco,പൈകോ,പീക്
aropanamaanu,ആരോപണമാണ്,അരോപണമാണ്
vanthuka,വൻതുക,വന്തു
misaile,മിസ്സൈൽ,മിസൈലെ
kukreja,കുക്റെജ,കുക്രേജ
aanjnjadichchu,ആഞ്ഞടിച്ച്,ആഞ്ഞ്ഞടിച്
valichchizhachchukondaanu,വലിച്ചിഴച്ചുകൊണ്ടാണ്,വലിച്ച്ചിച്ചയ്കുകൊണ്
slokam,ശ്ലോകം,സ്ലോകം
stadiuthinte,സ്റ്റേഡിയത്തിന്റെ,സ്റ്റഡിയത്തിന്റെ
danafil,ഡനഫില്,ദനാഫിൽ
thaamasichhullu,താമസിച്ചുള്ളൂ,താമസിച്ചുള്ളു
amgathavavum,അംഗത്വവും,അംഗതവവും
eettyveerapalayam,ഈട്ടിവീരപാളയം,ഈറ്റ്വീവരപലയം
licence,ലൈസൻസ്,ലിസെൻക
kaththum,കത്തും,കത്ത്ത
beeriyam,ബേരിയം,ബീരിയം
cipla,സിപ്ല,കിപ്ല
barauni,ബറൌണി,ബറാണി
generalum,ജനറലും,ജനറലലു
kansal,കാൻസൽ,കൺസാൽ
vahanathinu,വാഹനത്തിന്,വഹനത്തിന്
prasakthaman,പ്രസക്തമാണ്,പ്രസക്തമാൻ
nadiyayirunnuvennu,നടിയായിരുന്നുവെന്നു,നടിയായിരുന്നുവെന്ന്
pithakkanmarumayi,പിതാക്കൻമാരായി,പിതക്കന്മാരുമാ
ernaqulam,എറണാകുളം,എർണകുലം
bebi,ബേബി,ബെബി
ashramathinte,ആശ്രമത്തിന്റെ,അശ്രമത്തിന്റെ
sunflag,സൺഫ്ലാഗ്,സുൻഫ്ലാ
vellithhirayil,വെള്ളിത്തിരയിൽ,വെള്ളിത്തിരിയയ
vidiyokal,വിഡിയോകൾ,വിടിയോകൾ
criik,ക്രീക്ക്,ക്രിക്ക്
thermax,തെർമാക്സ്,തീസിമി
olichhirunnathum,ഒളിച്ചിരുന്നതും,ഒളിച്ചിരുന്നുതു
pothiyan,പൊതിയാൻ,പൊതിയൻ
goveend,ഗോവിന്ദ്,ഗോവീണ്ട്
allrounder,ഓൾറൌണ്ടർ,അൽല്രൌണ്
kangra,കഗ്ര,കൺഗ്
velippeduthhiyathath,വെളിപ്പെടുത്തിയതത്,വെളിപ്പെടുത്തിയത്ത
seth,സേത്ത്,സെത്
swadeeshiye,സ്വദേശിയെ,സ്വദീശിയെ
nellanu,നെല്ലാണ്,നെല്ലന്
veyarude,വേയറുടെ,വേയരുടെ
tovinoye,ടൊവിനൊയെ,ടോവിനോയെ
vaikkunnathum,വയ്ക്കുന്നതും,വൈക്കുന്നതും
ballavpuru,ബല്ലാവ്പൂര്,ബല്ലാപ്പുരു
akkaundil,അക്ക<unk>ണ്ടിൽ,അക്കാണ്ടിൽ
pakkunnathinte,പാക്കുന്നതിന്റെ,പക്കുന്നതിന്റെ
josaif,ജോസെഫ്,ൃഝഒഓഝഝ
kanyaashree,കന്യാസ്ത്രീ,കന്യാശ്രീ
saahacharyamillennu,സാഹചര്യമില്ലെന്നു,സാഹചര്യമില്ലെന്ന്
phalabhooyishtamaaya,ഫലഭൂയിഷ്ടമായ,ഫലഭൂയിഷ്ട്യമ
pheudal,ഫ്യൂഡൽ,ഫെയഡൽ
terrass,ടെറസ്സ്,ഡൂർശിസു
thayaredukkukayan,തയ്യാറെടുക്കുകയാണ്,തയറെടുക്കുകയൻ
enthanennu,എന്താണെന്നു,എന്തണെന്ന്
auto,ഓട്ടോ,ഔട്ടോ
periya,പെരിയ,പേരിയ
numberumadangiya,നമ്പറുമടങ്ങിയ,നുമ്പേരമുടങ്ങ
kalathil,കളത്തിൽ,കളാത്തി
camarillo,കാമറില്ലോ,ക്മാറില്ല
chenkkal,ചെങ്കൽ,ചെൻക്ക
holloway,ഹാലോവേ,ഹോള്ലൂ
mathsarathinu,മത്സരത്തിനു,മത്സരത്തിന്
jatheeyathakkappuram,ജാതീയതക്കപ്പുറം,ജതീയതക്കപ്പുറം
soorayilu,സൂറയില്,സൂരയിലു
sreerangapattanam,ശ്രീരംഗപട്ടണം,ശ്രീരംഗപട്ടനം
pavam,പാവം,പവം
electroonics,ഇലക്ട്രോണിക്സ്,ഇലക്ക്രോണിക്ക്
ithamgikarikkano,ഇതംഗീകരിക്കാനോ,ഇതംഗികരിക്കണോ
clair,ക്ലെയര്,ക്യൂർ
jadhav,ജാധവ്,ജധവ്
thudareththudare,തുടരെത്തുടരെ,തുടരെത്തുത്ത
garuda,ഗരുഡ,ഗാരു
electrooniks,ഇലക്ട്രോണിക്സ്,ഇലക്ക്രോണിക്ക്
person,പേഴ്സണ്,പെർസൻ
terrace,ടെറസ്,ടെറ്റ
miickey,മിക്കി,മിയ്ക്
paurante,പ<unk>രന്റെ,പൌരന്റെ
vellaththiloodeyaan,വെള്ളത്തിലൂടെയാണ്,വെള്ളത്തിലൂടെയാണെ
flooristum,ഫ്ളോറിസ്റ്റും,ഫ്ലൂറിസ്റ്റും
analysarinte,അനലൈസറിന്റെ,അനല്സ്സറിന്
kayar,കയർ,കോ
aavaahyamanennu,ആവശ്യമാണെന്ന്,ആവാഹ്യമാണെന്ന
rowlett,റോലെറ്റ്,റോവല്റ്റ
thalangngum,തലങ്ങും,തലങ്ങ്ങ
panesar,പനേസര്,പനേസാർ
udupiyilum,ഉടുപ്പിയിലും,ഉടുപിയിലും
khandelwal,കാന്റൽവാൾ,ഖണ്ഡെൽവാൽ
arnakulam,എറണാകുളം,അർണകുലം
tennyson,ടെന്നിസന്,ടെന്ന്സ്യ
etawah,ഇതാവഹ്,എറ്റവ
mindtree,മൈന്ഡ്ട്രീ,മിന്ദ്രീ
pham,ഫാം,ഫം
onbathu,ഒമ്പത്,ഒൻബത്ത
aariya,ആര്യ,ആരിയ
poyathinethhudar,പോയതിനേത്തുടര്,പോയതിനെത്തുടര്
tulshidas,തുള്സിദാസ്,തുൽഷിഡാസ്
sangli,സാഗ്ലി,സാംഗ്ല
laigeekatha,ലൈംഗികത,ലൈഗീകത
okkeyayi,ഒക്കെയായി,ഒക്കേയായി
christania,ക്രിസ്റ്റാനിയ,ക്രിസ്റ്റനിയ
sthreyeyum,സ്ത്രീയെയും,സ്ത്രേയെയും
parihaarangngalude,പരിഹാരങ്ങളുടെ,പരിഹാരങ്ങ്ങളു
ramon,റാമോൺ,രാമോൻ
fitnass,ഫിറ്റ്നസ്,ഫിറ്റ്നസി
aetuvaangngiya,ഏറ്റുവാങ്ങിയ,ഏറ്റുവാങ്ങിങ
irfan,ഇർഫാൻ,ഇർഫൻ
kane,കേയ്ന്,കനെ
padangalayirunnu,പാടങ്ങളായിരുന്നു,പദങ്ങളായിരുന്നു
kaarmikathwathil,കാർമ്മികത്വത്തിൽ,കാർമികത്വത്തിൽ
tvyil,ടിവിയിൽ,ട്വിയിൽ
vimanangalilum,വിമാനങ്ങളിലും,വിമനങ്ങളിലും
palulpadanathe,പാലുല്പാദനത്തെ,പാലുൽപദനത്തെ
mangaluru,മംഗളൂരു,മംഗലുരു
oothailloo,ഒഥല്ലോ,ഓത്തില
perunnalaghoshichath,പെരുന്നാളാഘോഷിച്ചത്,പെരുന്നലഘോഷിച്ചത്
runseduththu,റൺസെടുത്ത്,റുൻസെടുത്ത
labhichchirikkaamenn,ലഭിച്ചിരിക്കാമെന്ന്,ലഭിച്ചിച്ചിക്കാമെന്
jimbellan,ജിംബെല്ലാണ്,ജിംബെല്ലൻ
jamaaiqq,ജമൈക്ക,ജമായ്ക
jemaican,ജമൈക്കൻ,ജെമാക്ക
labhiamaakki,ലഭ്യമാക്കി,ലഭിയാമാക്ക
pacchaniram,പച്ചനിറം,പാച്ചനിറ
alipur,അലിപുർ,അലപൂർ
chenneyilulla,ചെന്നൈയിലുള്ള,ചെന്നെയിലുള്ള
wells,വെല്സ്,വലൂസി
nashtamayittundavaam,നഷ്ടമായിട്ടുണ്ടാവാം,നഷ്ടമായിട്ടുണ്ടാവം
sreenivasan,ശ്രീനിവാസൻ,ശ്രീനിവാസന
aavarththikkaan,ആവർത്തിക്കാൻ,ആവർത്തിത്ക്ക
elavanil,ഇലവനിൽ,ഇളവനിൽ
repro,റിപ്രോ,റെപ്പോ
vismayakazhchakalan,വിസ്മയകാഴ്ചകളാണ്,വിസ്മയകാഴ്ചകളൻ
faridabad,ഫരീദാബാദ്,ഫരിഡാബാഡ്
cantu,കാന്ടു,കാന്റ്
kuththetu,കുത്തേറ്റ്,കുത്തേത്ത്
estes,എസ്റ്റേറ്റ്സ്,എസിസെസ്
pookaar,പോകാറ്,പോകാർ
thatukadayile,തട്ടുകടയിലെ,തട്ടുകയയിലെ
carpett,കാർപെറ്റ്,കാർപെട്ട്
ahmad,അഹ്മദ്,അഹ്മാദ
kurishil,കുരിശിൽ,കുരിഷിൽ
kalimpong,കലിംപോംഗ്,കളിമ്പോൾ
uthapukaludeyum,ഉതപ്പുകളുടെയും,ഉത്തപുകളുടെയും
dohrey,ഡോറെ,ദോരി
nishedhkkukayaan,നിഷേധക്കുകയാണ്,നിഷേധ്ക്കുകയാണ
hees,ഹിസ്,ഭഝഝഝ
viinod,വിനോദ്,വിനോട്
construction,കണ്സ്ട്രക്ഷന്,കോൺസ്ട്രക്ഷൻ
rafael,റാഫേൽ,റബീൽ
angam,അങ്കം,അങ്ംം
kuttikkatty,കുറ്റിക്കാട്ടി,കുട്ടിക്കാറ്റി
uyarunnathinekkal,ഉയരുന്നതിനേക്കാൾ,ഉയരുന്നതിനേക്കൽ
dudeja,ഡുഡേജ,ദുഡീജ
mahindra,മഹീന്ദ്ര,മഹിന്ദ്ര
ozhivakkal,ഒഴിവാക്കൽ,ഒഴിവക്കൽ
chansaliyar,ചാൻസലിയർ,ചൻസലിയ്
menon,മേനോന്,മെനോൻ
thamizhnadinte,തമിഴ്നാടിന്റെ,തമിഴ്ണടിന്റെ
thirichhedukkan,തിരിച്ചെടുക്കാൻ,തിരിച്ചെടുക്കൻ
enthaanennu,എന്താണെന്നു,എന്താണെന്ന്
diick,ഡിക്ക്,ഡിയ്ക്
keshri,കേശ്രീ,കേശ്രി
panikkarude,പണിക്കരുടെ,പണിക്കാരുട
zaunes,ജോൺസ്,സൌണെ
wayorude,വേയറുടെ,വയോരുടെ
yudhakappal,യുദ്ധകപ്പൽ,യുദ്ധകപ്പാ
visaka,വിസാക,വിസക
shreebalagokulathhinte,ശ്രീബാലഗോകുലത്തിന്റെ,ശ്രീബബഗോകളുത്തിന്റെ
gaanaragana,ഗാനരചന,ഗാനരാഗ
masamayi,മാസമായി,മസമായി
mahaadhevakshethratthile,മഹാദേവക്ഷേത്രത്തിലെ,മഹാധ്വേക്ഷേത്രത്തില
giles,ജയല്സ്,ംബെബിസ
vaarththayil,വാർത്തയിൽ,വാർത്ത്തയ
aoupachaarika,ഔപചാരിക,ആപചാചാര
ariyunathinaayi,അറിയുന്നതിനായി,അറിയുനത്തിനായി
ross,റോസ്,ഡഓഝഝ
udachhath,ഉടച്ചത്,ഉദച്ചത്
weela,വില,വീല
eledi,എൽഇഡി,എലെഡി
jameiccan,ജമൈക്കൻ,ജാമിക്ക
aksharaarthathhil,അക്ഷരാർഥത്തിൽ,അക്ഷരാർത്തത്ത
nadapadiyillaathhathaanu,നടപടിയില്ലാത്തതാണു,നടപടിയില്ലാത്തതാണ്
gail,ഗെയ്ല്,ഗേൽ
insecticides,ഇൻസ്ക്ടിസൈഡ്സ്,ഇൻസ്കാകിറിസ്റ്
nagoria,നഗൊറിയ,നാഗോരി
lifestyle,ലൈഫ്സ്റ്റെല്,ലിഫസ്റ്റിലെ
mahaasamudrattile,മഹാസമുദ്രത്തിലെ,മഹാസമുദ്രറ്റിലെ
kaarmikathwam,കാർമ്മികത്വം,കാർമികത്വം
union,യൂണിയന്,യൂനിൻ
shaanthiyumsamaadhaanavum,ശാന്തിയുംസമാധാനവും,ശാന്തിയുംസസമാധനവും
punaparishodana,പുനഃപരിശോധന,പുനപരിശോധന
wausau,വാവ്സൌ,വൌസാ
nadatthaar,നടത്താറ്,നടത്താർ
shathhinidayakkukayum,ഷത്തിനിടയാക്കുകയും,ശത്തിനിടയക്കുകയും
whitaker,വിറ്റകെർ,ഹിത്കാർ
norris,നോറിസ്,ക്രീബി
padashekharasamithikku,പാടശേഖരസമിതിക്കു,പദശേഖരസമിതിക്ക്
pavilion,പവലിയൻ,പവിലീൻ
pathhuthoonukal,പത്തുതൂണുകള്,പത്തുതൂവുകൾ
thanennu,താനെന്ന്,തനെന്ന്
ruth,രൂത്ത്,റത്ത്
miami,മിയാമി,മിമാ
ennathaayirikkumennu,എന്നതായിരിക്കുമെന്നു,എന്നതായിരിക്കുമെന്ന്
sanareethikalu,ശനരീതികള്,സനരീതികള്
kazhinjirunnu,കഴിഞ്ഞിരുന്നു,കഴിഞ്ഞിരുന്ന്
ayeshaa,ആയിഷ,അയേശ
theraesayude,തെരേസയുടെ,തെരീസയുടെ
ananthathayileakk,അനന്തതയിലേയക്ക്,അനന്തതയിലേക്ക്
aghoshichu,ആഘോഷിച്ചു,അഘോഷിച്ചു
gauttimalayil,ഗ്വാട്ടിമാലയിൽ,ഗൌട്ടിമലയിൽ
aniarayil,അണിയറയിൽ,അനിരയയിൽ
moliyeyumaanu,മോളിയേയുമാണ്,മോളിയെയുമാണ്
veenod,വിനോദ്,വീണോട്
bolivia,ബൊളീവിയ,ബോളിവിയ
marphi,മർഫി,മാർഫ
yenninganeyulla,എന്നിങ്ങനെയുള്ള,എെന്നിങ്ങനെയുള്
varkkya,വര്ക്ക്യ,വർക്ക്യ
undakkillennathanu,ഉണ്ടാക്കില്ലെന്നതാണ്,ഉണ്ടക്കില്ലെന്നത്ന്
kadathhan,കടത്താൻ,കടത്തൻ
nirakkavunnathaanu,നിറക്കാവുന്നതാണ്,നിരക്കാവുന്നതാണ്
vayikkumbol,വായിക്കുമ്പോൾ,വയിക്കുമ്പോൾ
zinc,സിങ്ക്,സിൻക്
avatharippichu,അവതരിപ്പിച്ച്,അവതരിപ്പിച്ചു
apoornnamaaya,അപൂർണമായ,അപൂർണ്ണമ
aarogyavakup,ആരോഗ്യവകുപ്പ്,ആരോഗ്യവകുപ്
parishodikkunnathu,പരിശോധിക്കുന്നത്,പരിശോദിക്കുന്നത്
purogamanavadathhinte,പുരോഗമനവാദത്തിന്റെ,പുരോഗമനവടത്തിന്റെ
fatehpur,ഫത്തെപൂർ,ഫെറ്ത്പൂ
prshnamakkiyennum,പ്രശ്നമാക്കിയെന്നും,പ്രേഷമാക്കിയെന്നും
prayasangal,പ്രയാസങ്ങൾ,പ്രയസംങ്ങൾ
vaakku,വാക്ക്,വാക്കു
morrison,മോറിസണ്,മോറിസൻ
mandadi,മന്ദഡി,മണ്ഡാട
manichechi,മണിച്ചിചേച്ചി,മണിച്ചേച്ചി
elees,ഏലിയാസ്,ഴഝഏൃൃഗജ
sipaarsa,ശിപാർശ,സിപാർസ
parichayapedaam,പരിചയപ്പെടാം,പരിചയപെടാം
jeevithaththileththunnu,ജീവിതത്തിലെത്തുന്നു,ജീവിതത്തിലെത്തെത്തു
banki,ബാങ്കി,ബാൻകി
usthaadatakkamulla,ഉസ്താദടക്കമുള്ള,ഉസ്താടടക്കമുള്ള
degreeyil,ഡിഗ്രിയിൽ,ഡെഗ്രീയിൽ
shrirampur,ശ്രീറാംപുർ,ശ്രീരംപൂർ
kyuubayude,ക്യൂബയുടെ,ക്യൂബബയുട
meere,മേരെ,മീരെ
teresaye,തെരേസയെ,ടെറേസയെ
athisayikkaanilla,അതിശയിക്കാനില്ല,അതിസയിക്കാനില്ല
thalsamaya,തൽസമയ,തത്സമ
karanavumokke,കാരണവുമൊക്കെ,കരണവുമൊക്കെ
barman,ബർമൻ,ബർമാ
prakopanam,പ്രകോപനം,പ്രകോപണം
immanuel,ഇമ്മാനുവൽ,ഇമ്മനേൽ
badhakamayirikkukayanu,ബാധകമായിരിക്കുകയാണ്,ബധകമായിരിക്കുകയാണ്
abhibhashakanaaya,അഭിഭാഷകനായ,അഭിഭഷകനായ
vedivekkunnathu,വെടിവെക്കുന്നതു,വേടിവെക്കുന്നത്
uttar,ഉത്തര്,ഉട്ടർ
flash,ഫ്ലാഷ്,ഫ്യൂഷി
chutta,ചുട്ട,ചുറ്റ
aathmakadhayilekku,ആത്മകഥയിലേക്കു,ആത്മകഥയിലേക്ക്
fuentes,ഫുവെന്റസ്,ഫയിർസി
siemens,സീമന്സ്,സീമിൻ
thaangale,താരങ്ങളെ,താങ്ങളെ
cheyyanemennum,ചെയ്യണമെന്നും,ചെയ്യാനെമെന്ന
vayanaatilanennu,വയനാട്ടിലാണെന്നു,വയനാട്ടിലാണെന്ന്
arshaad,അർഷാദ്,അർശാദ്
kewal,കെവ്അല്,കേവാൽ
jayalalitha,ജയലളിത,ജയലാളി
katihar,കത്തിയാർ,കത്തിഹാർ
soorayil,സൂറയില്,സൂറയിൽ
basiyakkine,ബാസിയാക്കിനെ,ബസിയാക്കിനെ
libyayil,ലിബിയയിൽ,ലിബ്യയിൽ
marumakkatthaayam,മരുമക്കത്തായം,മറുമക്കാത്തയാ
prothsahippichhu,പ്രോത്സാഹിപ്പിച്ചു,പ്രോത്സഹിപ്പിച്ചു
aargvyatthe,ആരോഗ്യത്തെ,ആർഗ്വ്യത്ത
nadaththivanna,നടത്തിവന്ന,നടത്തിവിന്
punjaabine,പഞ്ചാബിനെ,പുഞ്ഞാബിന
veshavidhaanam,വേഷവിധാനം,വേശവിധാനം
paratthi,പറത്തി,പരത്തി
daulatabad,ദൌലതാബാദ്,ദൌലത്ബാദ്
radico,റാഡികോ,റഡിക്ക
pharmaceutical,ഫാർമസ്യൂട്ടിക്കൽ,ഫാർമസുയൂട്ടിക്കൽ
nireeshwaranakamennu,നിരീശ്വരനാകാമെന്ന്,നിരീശ്വരണമേക്ന്ന്
nayikkanakumennan,നയിക്കാനാകുമെന്നാണ്,നയിക്കാനാകുമെന്നാൻ
jerii,ജെറി,ജെരി
aaniyute,ആനിയുടെ,ആണിയുടെ
thrissurilethichu,തൃശൂരിലെത്തിച്ചു,തൃശൂരിലെത്തിച്ച്
gauriyude,ഗ<unk>രിയുടെ,ഗൌരിയുടെ
iddalikalanu,ഇഡ്ഡലികളാണ്,ഇദ്ദലികളാണ്
qmar,ഖ്മർ,കോർ
balavum,ബലവും,ബാളവു
presidantinte,പ്രസിഡന്റിന്റെ,പ്രിസിഡന്റിന്റ
estates,എസ്റ്റേറ്റ്സ്,എസ്റ്റേറ്റ്
horton,ഹോര്ട്ടണ്,ഹോർട്ടൻ
sambhavaththethudarnnanu,സംഭവത്തെത്തുടർന്നാണ്,സംഭവത്തെത്തുടർന്നന്
pugh,പ്യൂഗ്,പഘിം
ulppeduththanam,ഉൾപ്പെടുത്തണം,ഉൾപ്പെടുത്തതന
fischer,ഫിഷെർ,ഫിസിർ
urapinappuram,ഉറപ്പിനപ്പുറം,ഉറപിനപ്പുറം
shravanabelagola,ശ്രാവണബെലഗോള,ശ്രവണബേഗലോഗ
discuss,ഡിസ്കസ്,ഡഓഛഛഔഴഴ
kollumaayirunnu,കൊല്ലുമായിരുന്നു,കൊള്ളുമായിരുന്നു
stanley,സ്റ്റാൻലി,സ്റ്റൻലി
kanon,കാനൻ,കനോൻ
nares,നരേഷ്,നരെസി
sonawane,സോനാവനെ,സോണവാനെ
shriinivaas,ശ്രീനിവാസ്,ശ്രീനിവാസാ
nasisire,നസീസിറെ,നസിസിരെ
chayapodiyan,ചായപൊടിയാണ്,ചയപോടിയൻ
kaazchayaanu,കാഴ്ചയാണ്,കാൽച്ചയാണ
opparetar,ഓപ്പറേറ്റർ,ഒപ്പറേറ്റർ
prasamsichavarumund,പ്രശംസിച്ചവരുമുണ്ട്,പ്രസംസിച്ചവരുമുണ്ട്
yusuf,യൂസഫ്,ഉശെഫി
tharjima,തർജ്ജിമ,തർജിമ
sraddhikkanarumilla,ശ്രദ്ധിക്കാനാരുമില്ല,ശ്രദ്ധിക്കനാറുമില്ല
ip,ഐപി,ഇപി
bapat,ബാപട്,ബാപ്ത
farmasyutical,ഫാർമസ്യൂട്ടിക്കൽ,ഫർമസ്യൂട്ടിക്കൽ
cherivulla,ചെരിവുള്ള,ചെറിവുള്ള
marichchathenkil,മരിച്ചിരുന്നതെങ്കില്,മരിച്ചച്ചതെങ്കിൽ
thanalum,തണലും,തനലും
sandhaya,സന്ധ്യ,സന്ധായ
powran,പൌരൻ,പോവര
shilpam,ശില്പം,ശിൽപം
kuraikkunnathin,കുറയ്ക്കുന്നതിന്,കുറിക്കുന്നതിന്
rava,രവ,റാ
diplomayum,ഡിപ്ലോമയും,ഡൈപ്ലോമയും
divasangalane,ദിവസങ്ങളാണ്,ദിവസങ്ങളനെ
kollathhinte,കൊല്ലത്തിന്റെ,കൊള്ളത്തിന്റെ
cross,ക്രോസ്സ്,ഴഓഝഝഝഝഝഝ
veezhunnathinaal,വീഴുന്നതിനാല്,വീഴുന്നതിനാൽ
brousinginidayilu,ബ്രൌസിങിനിടയില്,ബ്രൂസിങ്ങിനിടയി
itarsi,ഇതാര്സി,ഇതർസി
cambridge,കേംബ്രിഡ്ജ്,ക്യോബിബിസി
sosaids,സോസേഡ്സ്,സോസിയസി
binghamton,ബിന്ഗ്ഹാംടണ്,ബിംഗംകോണ്ട്
karaikal,കരൈകാൽ,കരാക്ക
aaruthavana,ആറുതവണ,ആരുതവണ
prathishedhichirikkum,പ്രതിഷേധിച്ചിരിക്കും,പ്രതിഷേധിച്ചിക്കിനും
chiina,ചൈന,ചിയ
peecoo,പൈകോ,പീക്
iththaraththiloru,ഇത്തരത്തിലൊരു,ഇത്തരത്തില്ലൊ
kerr,കെർ,ർർർ
fight,ഫൈറ്റ്,ഫിഹ്റ്
chickenekkurich,ചിക്കനെക്കുറിച്ച്,ചിക്കീനെക്കുറിച്ച
ezhunnallipulla,എഴുന്നള്ളിപ്പുള്ള,എഴുന്നള്ളിപുള്ള
nadaththiyirunnathanu,നടത്തിയിരുന്നതാണ്,നടത്തിയിരിനുന്നത്
kolasvaroopathinnu,കോലസ്വരൂപത്തിന്നു,കോളശ്വരൂപത്തിന്ന്
rawlani,റൊലാനി,റാവ്ലന
iruteamukalum,ഇരുടീമുകളും,ഇരുട്ടീമുകള
prathikshayillenkil,പ്രതീക്ഷയില്ലെങ്കില്,പ്രതിക്ഷയില്ലെങ്കിൽ
caaldi,കാൾഡി,കാല്ട
sajeekaranangngaludeyum,സജീകരണങ്ങളുടെയും,സജീകരണങ്ങങ്ങളുടെ
finserv,ഫിൻൻസെർവ്,ഫിനിസെ
kazhinjathil,കഴിഞ്ഞതിൽ,കഴിഞ്ഞത്ത
labbour,ലേബർ,ലബോബ
jhalawar,ജലാവർ,ജലവാർ
prakrithidrishyamano,പ്രകൃതിദൃശ്യമാണോ,പ്രകൃതിദൃശ്യമനോ
pegan,പേഗൻ,പെഗൻ
udaara,ഉദാരമായ,ഉദാര
prakhyapanathinu,പ്രഖ്യാപനത്തിന്,പ്രഖ്യപനത്തിന്
yooropyanmaarude,യൂറോപ്യന്മാരുടെ,യൂരോപ്യന്മാരുടെ
manniing,മാനിംഗ്,മണ്ണിയം
njangalkku,ഞങ്ങൾക്കു,ഞങ്ങൾക്ക്
nirbandhichchu,നിർബന്ധിച്ച്,നിർബന്ധിച്ചു
solomon,സോളമൻ,സോളോമ
shreenivaasan,ശ്രീനിവാസൻ,ശ്രീനിവാസാ
thaarapporil,താരപ്പോരിൽ,താരപ്പൊരിൽ
kidakkayilakunnathin,കിടക്കയിലാകുന്നതിന്,കിടക്കയിലുകുന്നതിന്
avabhodham,അവബോധം,അവഭോധം
wey,വേയ്,വെയി
kaaldi,കാൾഡി,കാല്ട
michael,മൈക്കിൾ,മിച്ചാൽ
moradabad,മൊറാദാബാദ്,മോഹാദാബാദ്
yedisan,എഡിസൺ,യെഡിസ
lompoc,ലോംപോക്,ലോംബോക്
qaun,കോൺ,കൌൻ
rohtak,റോതക്,റോഹ്റ
nadimar,നടിമാർ,നദിമാർ
marica,മറീക്ക,മാറിക്
ocoee,ഒകോയീ,ഓക്കീ
parween,പര്വീണ്,പാർവീൻ
nextgen,നെക്സ്റ്റ്ജെന്,നെക്സ്റ്റൻ
rajkot,രാജ്കോട്,റാജ്ക്കോ
aanakkompukes,ആനക്കൊമ്പുകേസ്,ആനക്കൊപ്പുകേസ്
thooran,തൂറാൻ,തൂരൻ
lakhmani,ലഖ്മനി,ലഖ്മാന
neraahaaram,നിരാഹാരം,നേരാഹാരം
walnut,വാൽനട്,വാൻനുട
thettayenna,തെറ്റായെന്ന,തെറ്റയെന്ന
munnilethukayennum,മുന്നലെത്തുകയെന്നും,മുന്നിലെത്തുകയെന്നു
chirichchukont,ചിരിച്ചുകൊണ്ട്,ചിരിച്ചുകൊകൊന്
utilities,യൂട്ടിലിറ്റീസ്,ഉട്ടിലിറ്റീസ്
garrison,ഗാരിസന്,ഗാരിസോൻ
cardente,കാർഡിന്റെ,കാർഡെന്റെ
dutyyayathukond,ഡ്യൂട്ടിയായതുകൊണ്ട്,ദുട്യയ്യതുകൊണ്ട്
raafel,റാഫേൽ,റാഫീൽ
radiyokkullille,റേഡിയോയ്ക്കുള്ളിലെ,റഡിയോക്കുള്ളില്ലേ
karshakarilaayirunnu,കർഷകരിലായിരുന്നു,കർശകരിലായിരുന്നു
aatmakathhayilekku,ആത്മകഥയിലേക്കു,ആട്മകഥയിലേക്ക്
vimaanaththaavalaththivachch,വിമാനത്താവളത്തിവച്ച്,വിമാനത്താതല്വതിവച്ചു
kaazchakal,കാഴ്ചകൾ,കാൻചകൾ
tamilpetromarine,തമിൾപെട്രോമറൈൻ,ടാമിപ്പെത്രഹിമ
annivarumaayi,എന്നിവരുമായി,അന്നിവരുമായി
see,സി,സേ
science,സയന്സ്,സ്യീൻക
yedittu,എഡിറ്റ്,യേഡിട്ട
adachittayirunnu,അടച്ചിട്ടായിരുന്നു,അടച്ചിട്ടയിരുന്നു
flais,ഫ്ലാഷ്,േഓഝഝഝഝ
shikkunnathinidayilan,ശിക്കുന്നതിനിടയിലാണ്,ശിക്കുന്നതിനിലിയണൻ
namtheerkkan,നംതീർക്കാൻ,നംതീർക്കൻ
shivpuri,ശിവ്പുരി,ശിപ്പുരി
brahmapur,ബ്രഹ്മപൂർ,ബ്രഹ്മാപൂ
debitt,ഡെബിറ്റ്,ഡിബിറ്റ്
bultti,ബൾട്ടി,ബാൽട്ട
qriiq,ക്രീക്ക്,ക്രിക്ക്
jaunes,ജോൺസ്,ജൂണെസ
striing,സ്ട്രിംഗ്,സ്ട്രൈിംം
jhindal,ജിന്ഡാല്,ജിന്ദാൽ
aouseppu,ഔസേപ്പ്,ആൌസെപ്പ
pandithan,പണ്ഡിതൻ,പണ്ണിതൻ
ledij,ലേഡീസ്,ൾങെബി
karavaal,കരവാല്,കരവാൽ
wendt,വെൻറ്,വേണ്ട
naanam,നാണം,നാനം
financial,ഫിനാന്ഷ്യല്,ഫിനൻകിയൽ
appus,അപ്പൂസ്,അപ്പസിസ
avismaraneeyamaaya,അവിസ്മരണീയമാണ്,അവിസ്മരണീയമായ
chi,ച്ചി,ചി
dindigul,ഡിണ്ടിഗൽ,ഡിൻഡിഗുൽ
configurationukalilaan,കോൺഫിഗറേഷനുകളിലാണ്,കോൺഗ്രൂഗേഷനുകളിലാണ
marikadannu,മറികടന്നു,മറികടന്ന്
huntsville,ഹണ്ട്സ്വില്,ഹുൻസ്സ്ലില്
ththanalapavum,ത്തനാലാപവും,ത്ഥനലപവവും
mahesana,മഹേസന,മഹീസന
kaushik,കൌശിക്,കൌഷിക്
nashtappeduthil,നഷ്ടപ്പെടുത്തില്,നഷ്ടപ്പെടുത്തിൽ
naayirikkumennu,നായിരിക്കുമെന്നു,നായിരിക്കുമെന്ന്
renjer,റേഞ്ചർ,റെജിർ
prasthaanatthinte,പ്രസ്ഥാനത്തിൻറെ,പ്രസ്ഥാനത്തിന്റ
chuvadu,ചുവടു,ചുവട്
forge,ഫോര്ജ്,ർഫെണെ
youtube,യുട്യൂബ്,യൂട്ബുബെ
raaghu,രഘു,രാഘ
ekweshanoke,ഇക്വേഷനൊക്കെ,ഇക്വേഷനോ
sradhikkaanaarumilla,ശ്രദ്ധിക്കാനാരുമില്ല,ശ്രദ്ധിക്കാനാറുമില്ല
adithi,അദിതി,അടിത്
mrnaalini,മൃണാളിനി,മ്ർാലിനി
shreshtathayonnumilla,ശ്രേഷ്ഠതയൊന്നുമില്ല,ശ്രേഷ്ടതയൊന്നുമില്ല
vemaanathilaanu,വിമാനത്തിലാണ്,വേമാനത്തിലാണ്
thaanthangalude,താന്താങ്ങളുടെ,താന്തങ്ങളുടെ
khadjuvin,ഖഡ്ജുവിന്,ഖദ്ജുവിൻ
comunisavum,കമ്യൂണിസവും,കോമ്യിനസവും
jose,ജോസ്,ജുസെ
dsivaji,ദ്ശിവാജി,ഡിസവജി
pooyanr,പോയന്റ്,പൂയന്
theerumanamedukkum,തീരുമാനമെടുക്കും,തീരുമണമെടുക്കും
yousuph,യൂസഫ്,യൂസസു
ahluwalia,അലുവാലിയ,അഹ്ലുവാല
raghoo,രഘു,റാഗ
mukhyathithiyayi,മുഖ്യാതിഥിയായി,മുഖ്യതിതിയായി
teleservices,ടെലീസർവീസസ്,ടെലിജർസിക്ക
paradip,പരദിപ്,പരാദിപ
grandangalaanu,ഗ്രന്ഥങ്ങളാണ്,ഗ്രേണ്ഡങ്ങളാണ
mahaasamuthratthile,മഹാസമുദ്രത്തിലെ,മഹാസമുത്രത്തിലെ
visadikarikkanumulla,വിശദീകരിക്കാനുമുള്ള,വിസദികരിക്കാനുമുള്ള
kolajukal,കോളജുകൾ,കൊളജുകൾ
asid,ആസിഡ്,അസിഡ്
kuthettu,കുത്തേറ്റു,കുത്തേറ്റ്
aayisha,ആയിഷ,ആയിശ
nadamadunnu,നടമാടുന്നു,നടമടുന്ന്
jersy,ജേഴ്സി,ജെർസി
joones,ജോൺസ്,പൂണീസ
oppuvachu,ഒപ്പുവച്ചു,ഒപ്പുവച്ച്
kaazchayil,കാഴ്ചയിൽ,കാൽച്ചയി
punarnirmichhaal,പുനർനിർമ്മിച്ചാൽ,പുനർനിർമിച്ചാൽ
palliyileikkaanu,പള്ളിയിലെക്കാണു,പള്ളിയിലേയിക്കാ
fasteners,ഫാസ്റ്റ്നേഴ്സ്,ഫസ്റ്റെനെ
cheyyentathunt,ചെയ്യേണ്ടതുണ്ട്,ചെയ്യേന്റത്തുന്
rajathangamennu,രാജതങ്കമെന്ന്,രജജത്ങ്ങമെന്ന
patna,പട്ന,പട്ട
eddalikalaanu,ഇഡ്ഡലികളാണ്,ഇഡ്ഡളികളാണ്
aatmahathiayeyalla,ആത്മഹത്യയെയല്ല,ആത്മഹത്യായേയല്
mallikaththuni,മല്ലികത്തുണി,മള്ളികത്തുതു
kocchil,കോച്ചിൽ,കൊച്ചിൽ
shreebaalagokulathinde,ശ്രീബാലഗോകുലത്തിന്റെ,ശ്രീബാഗംഗൂലുതന്നെ
siberian,സൈബീരിയൻ,സിബിരയൻ
nadikkaruth,നടിയ്ക്കരുത്,നടിക്കരുത്
sammathikkunnathanu,സമ്മതിക്കുന്നതാണ്,സമ്മതിക്കുന്നതന്ന
wilow,വീതം,വിലോ
karnataka,കര്ണാടക,കർണാതക
eden,ഏദൻ,ഇഡെ
manchanda,മന്ചന്ദ,മഞ്ചന്ദ
essel,എസ്സൽ,എജീസി
diskush,ഡിസ്കസ്,ഡിസ്കുഷ
abhinandanangngal,അഭിനന്ദനങ്ങൾ,അഭിനന്ദനങ്ങ്
mizoram,മിസോറാം,മിബോരം
erie,ഈറി,റെയ
shaththinidayaakkukayum,ഷത്തിനിടയാക്കുകയും,ശത്തിനിടിയാക്കുകയു
ozhivaakiya,ഒഴിവാക്കിയ,ഒഴിവാകിയ
nadatheppetta,നടത്തപ്പെട്ട,നടത്തെപ്പെട്
larson,ലാര്സണ്,ലാർസോൻ
veetinullil,വീടിനുള്ളിൽ,വീട്ടിനുള്ള
mahbubnagar,മഹ്ബൂബ്നഗർ,മഹബബുംഗാർ
kudumbatheyum,കുടുംബത്തെയും,കുടുമ്പത്തേയു
hathras,ഹത്രാസ്,ഹാർബി
urulpottalil,ഉരുൾപൊട്ടലിൽ,ഉരുൾപോട്ടലിൽ
pagiloodeyaanu,പേജിലൂടെയാണ്,പഗിലൂടെയാണ്
jethaakkal,ജേതാക്കൾ,ജേതാക്കൽ
kullu,കുളു,കുള്
vidagdachikilsaikkaayi,വിദഗ്ധചികിൽസയ്ക്കായി,വിദഗ്ധചികില്സ്ക്കായി
nilapaadu,നിലപാടു,നിലപാട്
samdharshni,സമദര്ശിനി,സംധർഷ്ണി
haridwar,ഹരിദ്വാർ,ഹരിദ്വർ
thirichchathaanenkilum,തിരിച്ചതാണെങ്കിലും,തിരിച്ച്ചതാണെങ്കില
maranamadannjal,മരണമടഞ്ഞാൽ,മരണമടഞ്ഞങ്
kanikalude,കാണികളുടെ,കണികളുടെ
avum,ആവും,അവും
officukalil,ഓഫീസുകളിൽ,ഓഫിക്കുകള
shavariya,ഷാവറിയ,ശവരിയ
flaishh,ഫ്ലാഷ്,ഫ്യൂഷി
jay,ജെയ്,ജേയ
parichayappedam,പരിചയപ്പെടാം,പരിചയപ്പെടണം
division,ഡിവിഷൻ,ദിവിഷൻ
siberiayil,സൈബീരിയയിൽ,സിബേരിയയിൽ
ariyichchathine,അറിയിച്ചതിനെ,അറിയിച്ച്ചതി
ches,ചേസ്,േഝഝഝ
viswasathilaanu,വിശ്വാസത്തിലാണ്,വിശ്വസത്തിലാണ്
silinderinte,സിലിണ്ടറിന്റെ,സിലിൻഡറിന്റെ
bheekarum,ഭീകരരും,ഭീകരും
bossier,ബോഷർ,ബോഫി
lamghichuvenkil,ലംഘിച്ചുവെങ്കില്,ലംഘിച്ചുവെങ്കിൽ
tareek,താരിഖ്,തരീക്ക
brookfield,ബ്രൂക്ഫീല്ഡ്,ബ്രൂക്ഷീയ്ഡ്
avasaanicchathode,അവസാനിച്ചതോടെ,അവസാനിച്ചത്തോ
abhimana,അഭിമാന,അഭിമന
dhruv,ധ്രുവ്,ധ്രൂ
moodarkkinnathe,മൂഢർക്കിന്നത്തെ,മൂടർക്കിന്നതെ
paikoo,പൈകോ,പൈക്
theekoluthi,തീകൊളുത്തി,തീകോലുതിതി
kollathhu,കൊല്ലത്ത്,കൊള്ളത്ത്
motihari,മോതിഹാരി,മോട്തിഹാ
ponillya,പോണില്യ,പോണില്ല
viswasathinu,വിശ്വാസത്തിന്,വിശ്വസത്തിന്
tunelumaayi,ടണലുമായി,ട്യൂണലുമ
yasass,യശസ്സ്,നസിസസു
nitrite,നൈട്രേറ്റ്,നിത്രിത്രെ
thaalpariathode,താൽപര്യത്തോടെ,താൽപരിയതോടെ
oakley,ഓക്ക്ലീ,ഓക്ലിയെ
robbins,റോബിൻസ്,റോബിബിൻ
kikal,കീകൾ,കികൾ
presidantaayirunnu,പ്രസിഡന്റായിരുന്നു,പ്രിസിഡന്റായിരുന്ന
pothuperumatachattam,പൊതുപെരുമാറ്റചട്ടം,പൊതുപേരുമകത്തര്ടം
mataaro,മറ്റാരോ,മത്താരോ
nirappikkunnathil,നിരപ്പിക്കുന്നതിൽ,നിറപ്പിക്കുന്നതിൽ
hodges,ഹോഡ്ജെസ്,ഝഝഝഝഝഝ
vishwasathilaanu,വിശ്വാസത്തിലാണ്,വിശ്വസത്തിലാണ്
pariikshithth,പരീക്ഷിത്ത്,പരികിഷ്തിത്
chirichchukond,ചിരിച്ചുകൊണ്ട്,ചിരിച്ചുച്കൊണ്
pottitthericchu,പൊട്ടിത്തെറിച്ച്,പൊട്ടിത്തെരിച്ച്
summerville,സമ്മർവിൽ,സമ്മർവില
shellukkal,ഷെല്ലുകൾ,ശെല്ലുക്
poomavanuththamanu,പോമവനുത്തമന്,പൂമവനുത്തുമമ
shetramuttatthu,ക്ഷേത്രമുണ്ട്,ശ്ഷേത്രമുട്ടത
browninj,ബ്ര<unk>ണിങ്,ബ്രോണിനിഞ്
akaunt,അക്ക<unk>ണ്ട്,അകൌന്റ്
pearland,പേള്ലാന്ഡ്,പീല്ലാൻഡ്
abhavam,അഭാവം,അഭവം
ambola,എബോള,അമ്പ
aagasth,ആഗസ്ത്,ആഗാസ്ത
napa,നാപ,നപാ
thirunabiyilum,തിരുനബിയിലും,തിരുനാബിയിലു
santana,സനാതന,സന്താ
chennayile,ചെന്നൈയിലെ,ചെന്നയിലെ
samsarikkathirikkam,സംസാരിക്കാതിരിക്കാം,സംസരിക്കാതിരിക്കാം
cherinju,ചെരിഞ്ഞ്,ചെറിഞ്ഞു
clark,ക്ലാർക്,ക്ലാക്ക
jamaikk,ജമൈക്ക,ജാമിക്
sosaittiyude,സൊസൈറ്റിയുടെ,സോസൈറ്റിയുടെ
elam,ഏലം,ഇളം
uththaravaadithwam,ഉത്തരവാദിത്വം,ഉത്തരവാതാദിത്
maedikkal,മെഡിക്കൽ,മീഡിക്കൽ
tholpikkaanaavaathe,തോൽപിക്കാനാവാതെ,തോല്പിക്കാനാവാത
niyamammoolam,നിയമംമൂലം,നിയമ്മൂളൂ
pathraththilaakum,പാത്രത്തിലാകും,പത്രത്തിലാകാകു
palam,പാളം,പലം
aalnashathinum,ആൾനാശത്തിനും,ആന്നശത്തിനും
carukalundennum,കാറുകളുണ്ടെന്നും,കറുകളുണ്ടെന്നും
labhichchirikamennu,ലഭിച്ചിരിക്കാമെന്ന്,ലഭിച്ചിച്ചികമെന്ന്
nirannjirikkum,നിറഞ്ഞിരിക്കും,നിറന്ഞിരിക്കും
nia,എൻഐഎ,നി
jersey,ജേഴ്സി,ജെസ്സി
kadanaanu,കടന്നാണ്,കടനാണ്
sawyer,സോയർ,സവിർ
hajarakkum,ഹാജരാക്കും,ഹജാരക്കും
babyude,ബേബിയുടെ,ബബ്യുടെ
aswabhavika,അസ്വാഭാവിക,അസ്വഭാവിക
daebit,ഡെബിറ്റ്,ഡൈബിത്ത്
palikkappedunnathum,പാലിക്കപ്പെടുന്നതും,പളിക്കപ്പെടുന്നതും
turkish,ടർക്കിഷ്,ടർകിഷി
weekram,വിക്രം,വീക്രം
pennington,പെന്നിംഗ്ടണ്,പെന്നിങ്ങ്ക്
jeevatmavayi,ജീവാത്മായി,ജീവറ്മാവായ
aliias,ഏലിയാസ്,ആലെസി
emmaanuval,ഇമ്മാനുവൽ,എമ്മാനുവൽ
velliththirayil,വെള്ളിത്തിരയിൽ,വെള്ളിത്തിരിയയ
manashasthram,മനഃശാസ്ത്രം,മനശസ്ത്രം
cheyendathund,ചെയ്യേണ്ടതുണ്ട്,ചെയ്ണ്ടതുണ്ട്
mrthadehangalude,മൃതദേഹങ്ങളുടെ,മ്തൃദഹേങ്ങളുട
beevyathaikk,ബീവ്യാത്തയ്ക്ക്,ബീവ്യതയിക്ക്
matoritatthu,മറ്റൊരിടത്ത്,മറ്റോരിട്ടത്
faist,ഫെസ്റ്റ്,ഫൈസ്റ്റ്
bombakramanam,ബോംബാക്രമണം,ബോംബക്രമണം
pauranmarude,പ<unk>രന്മാരുടെ,പൌരന്മാരുടെ
congressil,കോൺഗ്രസ്സിൽ,കാംഗ്രസിൽ
bootswan,ബോട്സ്വാന,ബൂട്സ്വ്വ
parasiappeduthhiyath,പരസ്യപ്പെടുത്തിയത്,പരസിയപ്പെടുത്തിയത്
crawford,ക്രോഫോർഡ്,ക്രാഫർർഡോ
chathchhfrase,ചത്ഛ്ഫ്രസെ,ചത്ച്ച്ഫ്ര
chalachitra,ചലചിത്ര,ചലച്ചിത
kollavum,കൊല്ലവും,കൊള്ളവും
thalaneeru,തലനീര്,തലനീരു
mahavisfodana,മഹാവിസ്ഫോടന,മഹാവിശ്ഫോണന
bhagalpur,ഭഗല്പുര്,ഭാഗൽപൂർ
chapel,ചാപ്പല്,ചപ്പേൽ
additional,അഡീഷനൽ,അഡിശ്ഷ
higgins,ഹിഗിൻസ്,ഹിബിഗിൻ
pramila,പ്രമീള,പ്രമില
athaathu,അതാത്,അത്താ
staffinaan,സ്റ്റാഫിനാണ്,സ്റ്റഫഫിൻ
kanchhal,കഞ്ചൽ,കഞ്ചാ
kontirunnathaan,കൊണ്ടിരുന്നതാണ്,കൊന്നിരുന്നതാണ്
collingil,കോളിങിൽ,കോളിങ്ങ
tekchandani,ടെക്ചാന്ദിനി,ടെക്കണ്ടനി
wise,വൈസ്,പീസെ
xiong,ക്സിയോങ്,ക്യൂമിം
morena,മോറീന,മൊറേന
kaathirippu,കാത്തിരിപ്പ്,കാതിരിപ്പ്
moonnu,മൂന്നു,മൂന്ന്
thakur,താക്കൂര്,തകൂർ
pracharanaththinu,പ്രചാരണത്തിന്,പ്രചരണത്തിന്
padippikkunathennum,പഠിപ്പിക്കുന്നെന്നും,പഠിപ്പിക്കുന്നതെന്നു
onnundaayittalla,ഒന്നുണ്ടായിട്ടില്ല,ഒന്നുണ്ടായിട്ടല്ല
shoes,ഷൂസ്,ുഝഓഝ
thurannukoduthu,തുറന്നുകൊടുത്തു,തുറന്നുകൊടുത്ത്
moliyeyuman,മോളിയേയുമാണ്,മോളിയെയുമാൻ
pomavanuthamanu,പോമവനുത്തമന്,പോമവനുതമത്
thandy,താണ്ടി,തണ്ടി
attraa,അട്രാ,അട്ട്
shivastava,ശിവാസ്തവ,ശിവസ്താവ
maeenathhul,മഈനത്തുൽ,മീനാത്തു
onnarakilomatteeru,ഒന്നരകിലോമറ്റീര്,ഒന്നരകിലോമട്ടീര്
untaakumennaan,ഉണ്ടാകുമെന്നാണ്,ഉന്റാകുമെന്നാണ്
chhoola,ച്ചൂള,ചൂല
rowqait,റോക്കറ്റ്,റോവകൈയ്റ്
peraanu,പേരാണു,പേരാണ്
roowkait,റോക്കറ്റ്,രൂവകൈത്
everett,എവററ്റ്,ഇവെരറ്റ
karshakan,കർഷകൻ,കാർഷക
greenville,ഗ്രീൻവിൽ,ഗ്രീൻവില
devayani,ദേവയാനി,ദേവയനി
prasthaanathinte,പ്രസ്ഥാനത്തിൻറെ,പ്രസ്ഥാനത്തിന്റ
renuka,രേണുക,റെണുക
elizabeth,എലിസബത്ത്,എളിസാലെത്
irakhee,ഇറഖീ,ഇറകീ
kaattee,കാറ്റേ,കാട്ടീ
viswasathin,വിശ്വാസത്തിന്,വിശ്വസത്തിൻ
kootavukayaayirunnu,കൂട്ടാവുകയായിരുന്നു,കൂട്ടവുകയായിരുന്നു
krushnnapuram,കൃഷ്ണപുരം,കൃഷ്ണപുറം
polichchirikkukayaan,പൊളിച്ചിരിക്കുകയാണ്,പൊളിച്ചിച്ചിക്കുകയാ
thettukontanennum,തെറ്റുകൊണ്ടാണെന്നും,തെറ്റുകൊണ്ടാനെന്നും
mukhyathithhiyayi,മുഖ്യാതിഥിയായി,മുഖ്യതിതിതിയായ
ththiyittullavayanu,ത്തിയിട്ടുള്ളവയാണ്,ത്ഥിയിട്ടുള്ളവയാണ്
udyoogasthareyum,ഉദ്യോഗസ്ഥരെയും,ഉദ്യൂഗസ്തരെയും
jeri,ജെറി,ജേരി
krithia,കൃത്യ,കൃതിയ
findlay,ഫിന്ഡ്ലീ,ഫിൻ്ലായ്
sandyaykk,സന്ധ്യയ്ക്ക്,സന്ദ്യയ്ക്ക്
mt,എംടി,മിട്
bhishmar,ഭീഷ്മർ,ഭിഷ്മാ
youusuuph,യൂസഫ്,യൂസുസ
vrathaanushtaanaanantharam,വ്രതാനുഷ്ഠാനാനന്തരം,വ്രതാനുഷ്ടാനനാന്തരം
cheralathu,ചെരളത്ത്,ചേരളത്ത്
samjnja,സംജ്ഞ,സംജ്ജ
communications,കമ്മ്യുണികേഷൻസ്,കമ്മ്യൂകിക്ഷേഷൻ
ashupathriyilaan,ആശുപത്രിയിലാണ്,അശുപത്രിയിലാണ്
moocgippikkaan,മോചിപ്പിക്കാൻ,മൂക്സിപ്പിക്ക
bandhan,ബന്ധന്,ബന്ധൻ
puthiyaniyamathil,പുതിയനിയമത്തിൽ,പുതിയണിയമത്തിൽ
sareeathu,ശരീഅത്ത്,ശരീത്ത്
thirannjedukkuna,തിരഞ്ഞെടുക്കുന്ന,തിരഞ്ഞെടെക്കുകാന
paatapusthakathil,പാഠപുസ്തകങ്ങൾ,പാഠപുസ്തകത്തി
fitzgerald,ഫിറ്റ്സ്ജെറാൾഡ്,ഫിറ്റ്ഗ്രലോഡ്
akzo,അക്സോ,ആക്സോ
khammam,ഖമാം,ഖമ്മ
chernnaan,ചേർന്നാണ്,ചേർന്നാൻ
fatima,ഫാത്തിമ,ഫതിമ
viitam,വീതം,വിട്
lokathinu,ലോകത്തിനു,ലോകത്തിന്
loveland,ലവ്ലാൻഡ്,ലോവലാണ്ട
behar,ബെഹർ,ബൂർ
vangngiyirunnu,വാങ്ങിയിരുന്നു,വങ്ങ്ങിയിരുന്ന
nanavumaaraathha,നനവുമാറാത്ത,നനവുമാരാത്ത
vilichchirunnathinte,വിളിച്ചിരുന്നതിന്റെ,വിളിച്ചിച്ചുന്നതിന്
stadium,സ്റ്റേഡിയം,സ്റ്റാഡിം
enshuransu,ഇൻഷുറൻസ്,എൻഷുരൻസു
rooth,രൂത്ത്,റൂത്ത്
vaarththayaanu,വാർത്തയാണ്,വാർത്ത്തയാ
aleeas,ഏലിയാസ്,ആജീസി
kettunna,കെട്ടുന്നു,കേട്ടുന്ന
oupachaarikamaayi,ഔപചാരികമായി,ഓപചാരികമായി
manappoorvam,മനഃപൂർവം,മനപ്പൂർവ
dibag,ഡീബഗ്,ഝഝഝഝഝ
chaansaliyar,ചാൻസലിയർ,ചാൻസലിയാ
kakinada,കക്കിനാഡ,കകിനാട
mmithavumaaya,മ്മിതവുമായ,മിമ്തവുമായ
vaikkaththappanodo,വൈക്കത്തപ്പനോടോ,വൈക്കത്തപ്പന്നോ
priyarilu,പ്രിയരില്,പ്രിയറില്
kodutthathode,കൊടുത്തതോടെ,കൊടുത്തത്തോ
abeel,ആബേൽ,അബീൽ
wayerude,വേയറുടെ,വയേറുടെ
prarththichu,പ്രാർത്ഥിച്ചു,പ്രർർത്തിച്ചു
gusalethovo,ഗുസെലെതൊവൊ,ഗുസലേതോവോ
prolsaahippichu,പ്രോത്സാഹിപ്പിച്ചു,പ്രോതസാഹിപ്ചിച്ച്
ulpaadanam,ഉല്പാദനം,ഉൽപാദനം
mcclain,മക്ക്ലെയിന്,മക്കിയൻ
runseduthhu,റൺസെടുത്ത്,റുൻസെടുത്ത
ethichu,എത്തിച്ച്,എത്തിച്ചു
tharathinte,താരത്തിന്റെ,തരത്തിന്റെ
ieyavasarathil,ഈയവസരത്തിൽ,ഇയവവസരത്തി
kriik,ക്രീക്ക്,ക്കിക്ക്
parvesaanu,പർവേസാണ്,പാർവേസാണ
audit,ഓഡിറ്റ്,ഓഡിത്ത്
eta,ഏറ്റ,എത്
valluvakonathirium,വള്ളുവകോനാതിരിയും,വല്ലുവകണ്ണിതിരും
vazhikaatiyaayi,വഴികാട്ടിയായി,വഴികാടിയായി
rswm,ആർഎസ്ഡബ്ല്യുഎം,ഗ്സൂസും
ramanathapuram,രാമനാഥപുരം,രമനത്തപുരം
grandatthinte,ഗ്രന്ഥത്തിന്റെ,ഗ്രേണ്ടത്തിന്റ
columbia,കൊളംബിയ,കോളുമ്പ
punaparishodhanakal,പുനഃപരിശോധനകൾ,പുനപരിശോധനകൾ
laybor,ലേബർ,ലൂബോ
irinjalakkudayile,ഇരിഞ്ഞാലക്കുടയിലെ,ഇരിഞ്ഞലക്കുടയിലെ
vivahaghoshayatrayil,വിവാഹഘോഷയാത്രയിൽ,വിവഹോഘശേയത്രയിൽ
close,ക്ലോസ്,ക്ലൂസെ
pidikkukayan,പിടിക്കുകയാണ്,പിടിക്കുകയൻ
thaninadanumaya,തനിനാടനുമായ,തനിനടനുമായ
kon,കോൺ,കോൻ
chattam,ചാട്ടം,ചട്ടം
baker,ബേക്കർ,ബൂർ
malwan,മാല്വാന്,മല്വൻ
linil,ലൈനിൽ,ലിനിൽ
bhakshyasuraksha,ഭക്ഷ്യസുരക്ഷാ,ഭക്ഷ്യസുരക്ഷ
lee,ലീ,ലെ
montclair,മോണ്ട്ക്ലെയർ,മോണ്ട്ല്ലാർ
antioch,ആന്റിയോക്,ആന്റിയൊക്
alipore,അലിപോര്,അലിപോരെ
paddhathiyittuttund,പദ്ധതിയിട്ടുട്ടുണ്ട്,പദ്ധതിതിയിട്ടുട്ടുണ്
balaji,ബാലാജി,ബലജി
kananumundayirunnu,കാണാനുമുണ്ടായിരുന്നു,കണണമുന്യാടിരുന്നു
inachernnaalum,ഇണചേർന്നാലും,ഇനച്ചേർന്നാല
authority,അതോറിറ്റി,ആത്തോരിറ്
matsarathilum,മത്സരത്തിലും,മത്സ്രത്തിലു
aduththakoottukaarilu,അടുത്തകൂട്ടുകാരില്,അടുത്തകൂക്ട്ടുകാരി
ozhivakkanamennu,ഒഴിവാക്കണമെന്ന്,ഒഴിവക്കണമെന്ന്
textiles,ടെക്സ്ടൈൽസ്,ടെക്സ്റ്റിസ
surfactants,സർഫക്ടൻസ്,സുർഫക്ട്റ
nikaththan,നികത്താൻ,നികത്തൻ
karur,കരുർ,കർർ
erikkumaayirunnu,ഇരിക്കുമായിരുന്നു,എരിക്കുമായിരുന്നു
shoaib,ഷൊയ്ബ്,ഷമിഫി
mahaabali,മഹാബലി,മഹാബാല
thamizhnadinu,തമിഴ്നാടിന്,തമിഴ്ണടിന്
aagastt,ആഗസ്ത്,ആഗസ്റ്
texmaco,ടെക്സ്മാകൊ,ടെക്സ്മാക്
choola,ച്ചൂള,ചൂല
hutchinson,ഹച്ചിൻസൺ,ഹുത്ച്ചി
veeqram,വിക്രം,വീക്രം
abhyantharamanthraalayam,ആഭ്യന്തരമന്ത്രാലയം,അഭ്യന്തരമന്ത്രാലയം
niravettan,നിറവേറ്റാൻ,നിറവേറ്റൻ
sankary,ശങ്കരി,സങ്കാര
jamaica,ജമൈക്ക,ജമിയ്ക
vilakkayattam,വിലക്കയറ്റം,വിളക്കയറ്റം
vimanaranjchal,വിമാനറാഞ്ചൽ,വിമാനറഞ്ചാൽ
punjabil,പഞ്ചാബിൽ,പുഞ്ഞബിൽ
sadhutha,സാധുത,സധുത
aropich,ആരോപിച്ച്,അരോപിച്ച്
kaathirunnu,കാത്തിരുന്ന്,കാതിരുന്നു
pradesh,പ്രദേശ്,പ്രീഷേ
praveshikkunneyilla,പ്രവേശിക്കുന്നേയില്ല,പ്രവേശിക്കുന്നെയില്ല
vangiyathinaanu,വാങ്ങിയതിനാണു,വങ്ങിയതിനാണ്
santos,സാന്റോസ്,സന്തോസ്
jodhpur,ജോധ്പൂർ,ജോപ്പർ
paura,പ<unk>ര,പൌര
thalasthanath,തലസ്ഥാനത്ത്,തലസ്ഥനത്ത്
owficar,ഓഫീസർ,ഓജിർക
shathamaanaththiladhikam,ശതമാനത്തിലധികം,ശതമാനത്തിലനിധി
jaythaavumaaya,ജേതാവുമായ,ജയ്താവുമാ
alakkalil,അളക്കലില്,അളക്കലിൽ
poottan,പൂട്ടാൻ,പൂട്ടൻ
fuedal,ഫ്യൂഡൽ,ഫേബാൽ
greenwood,ഗ്രീൻവുഡ്,ഗ്രീൻവൂഡ്
sequent,സീക്വന്റ്,സെക്യാന്റ
upanishath,ഉപനിഷത്ത്,ഉപനിശത്ത്
sweekarikkillennanu,സ്വീകരിക്കില്ലന്നാണ്,സ്വീകരിക്കില്ലെന്നാണ
hansdah,ഹൻസ്ഡാ,ഹാൻസ്ദ
varddhanavu,വർദ്ധനവ്,വർദ്ധനവു
saamuuthiriyude,സാമൂതിരിയുടെ,സാമുതിരിയിരു
olympics,ഒളിംപിക്സ്,ഒളിംഗിക്ക്
gujarathinullath,ഗുജറാത്തിനുള്ളത്,ഗുജരത്തിനുള്ളത്
waashingtanu,വാഷിങ്ടണ്,വാശിങ്ങ്ത
sanitaryware,സാനിറ്ററിവെയർ,സനിതാര്യവരെ
varikyaanu,വരികയാണ്,വരിക്യാണ
cheyunnathiloode,ചെയ്യുന്നതിലൂടെ,ചെയുന്നതിലൂടെ
sthanarthiye,സ്ഥാനാർത്ഥിയെ,സ്ഥനർത്തിയെ
brauninj,ബ്ര<unk>ണിങ്,ബ്രൌണിഞ്ഞ്
adakkuka,അടയ്ക്കുക,അടക്കുക
dynamatic,ഡൈനമാറ്റിക്,ദിനമാറ്റിക്
sriiniivas,ശ്രീനിവാസ്,ശ്രീനിയിവാ
chandigarh,ചണ്ഡിഗഡ്,ചണ്ഡിഗാർ
waterbury,വാട്ടർബറി,വാട്ടർബുര
arennu,ആരെന്ന്,അരെന്ന്
thaalpariaprakaaram,താൽപര്യപ്രകാരം,താൽപരായിപ്രകാര
chellani,ചെല്ലാനി,ചെല്ലനി
offisukalil,ഓഫീസുകളിൽ,ഓഫിസുകളിൽ
talwar,തൽവാർ,താല്വ
kariyar,കരിയർ,കരിയാ
reliance,റിലെയൻസ്,റെലിയൻക്
ashramathile,ആശ്രമത്തിലെ,അശ്രമത്തിലെ
jeevikkunnathilan,ജീവിക്കുന്നതിലാണ്,ജീവിക്കുന്നതിലൻ
sibeerian,സൈബീരിയൻ,സിബീരിയൻ
thanalathhunakkiyaan,തണലത്തുണക്കിയാണ്,തണലത്തുനന്ക്കിയാ
siraj,സിറാജ്,ു<unk>
bhavikkalaanu,ഭാവിക്കലാണ്,ഭവിക്കലാണ്
shaavariya,ഷാവറിയ,ശാവരിയ
holt,ഹോള്ട്ട്,ഹോൾട്ട്
shrivas,ശ്രിവാസ്,ശ്വീസി
aandy,ആൻഡി,ആണ്ട
abhinandhikkunnu,അഭിനന്ദിക്കുന്നു,അഭിനന്ധിക്കുന്നു
arangerum,അരങ്ങേറും,അരങ്ങേരും
oolayil,ഓലയിൽ,ഓളയിൽ
jagdalpur,ജഗദൽപ്പൂർ,ജഗ്ഡൽസ്
rockait,റോക്കറ്റ്,റോക്കൈയ്ട
kudumbathil,കുടുംബത്തിൽ,കുടുമ്പത്തി
maalayude,മാലയുടെ,മാളയുടെ
thayyarakanam,തയ്യാറാകണം,തയ്യാറകണം
tarkkish,ടർക്കിഷ്,ടാർക്കിഷ
washington,വാഷിങ്ടണ്,വാശിങ്ങ്ത
parayunnu,പറയുന്നുഃ,പറയുന്നു
ekam,ഏകം,ഇകം
jagathy,ജഗതി,ജാഗത
adachchirikkanamenn,അടച്ചിരിക്കണമെന്ന്,അടച്ചിചിരിക്കണമെന്
oran,ഒരണ്,ഒറൻ
gypsum,ജിപ്സം,ഗൈപ്സു
poyathineththudar,പോയതിനേത്തുടര്,പോയതിനെത്തുതുട
management,മാനേജ്മെന്റ്,മാനഗ്മെന്റ്
porbandar,പോർബന്ദർ,പൊർബണ്ടർ
prsnamakkiyennum,പ്രശ്നമാക്കിയെന്നും,പ്ർസ്മണക്കിയെന്നും
cheeng,ചിങ്,ചീംഫ
sthreekalkku,സ്ത്രീകൾക്കു,സ്ത്രീകൾക്ക്
thruchchambaram,തൃച്ചംബരം,തൃച്ചുംബര
shallyampara,ശല്ല്യാംപാറ,ശല്ല്യംപാറ
kaazhchayaanu,കാഴ്ചയാണ്,കാഴ്ച്ചയാ
shoppers,ഷോപ്പേഴ്സ്,ഷോപിർസി
ismayilenna,ഇസ്മായിലെന്ന,ഇസ്മയിലെന്ന
durgapur,ദുർഗാപൂർ,ദുർഗാർപ്
ifci,ഐഫ്സിഐ,ഇജികി
cigniti,സിഗ്നിറ്റി,സിഗ്നിതി
rya,ര്യ,റ്യ
sweekarikkukayaanennu,സ്വീകരിക്കുകയാണെന്നു,സ്വീകരിക്കുകയാണെന്ന്
merii,മേരെ,മേരി
sammarddathinu,സമ്മർദ്ദത്തിനു,സമ്മർദ്ദത്തിന്
maleriya,മലേറിയ,മലേരിയ
allatheyum,അല്ലാതെയും,അള്ളത്തേയു
mullu,മുള്ള്,മുള്ളു
preeya,പ്രിയ,പ്രീയ
juice,ജ്യൂസ്,ജൂക്കെ
ekaanthathayum,ഏകാന്തതയും,ഇകാന്തതയും
aizawl,ഐസ്വൽ,ഐസവൽ
viswasichchu,വിശ്വസിച്ച്,വിശ്വസിച്ചു
jery,ജെറി,ജെരി
adakkamcheithu,അടക്കംചെയ്തു,അടക്കംചെത്തി
saunders,സോൺഡേർസ്,സൌന്ദർ
puthuram,പുത്തൂരം,പുതുരം
vilangngum,വിലങ്ങും,വിലങ്ങ്ങ
andhi,ആൻഡി,അൻധി
yooropyanmaarute,യൂറോപ്യന്മാരുടെ,യൂരോപ്യന്മാരുടെ
kontupokunnunt,കൊണ്ടുപോകുന്നുണ്ട്,കൊന്റുപോകുന്നുന്ന്
prashamsichhavarumunt,പ്രശംസിച്ചവരുമുണ്ട്,പ്രശംസിച്ചവരുമുമ്ന്
abhinayathinu,അഭിനയത്തിനു,അഭിനയത്തിന്
kaappanparanjathithaan,കാപ്പൻപറഞ്ഞതിതാണ്,കാപ്പൻപറഞ്ഞതിതിന്
vipuliikaranam,വിപുലീകരണം,വിപുലികിരണ
sosaitiyum,സൊസൈറ്റിയും,സോസൈറ്റിയും
cylinderukal,സിലിണ്ടറുകൾ,സ്യിൻഡററുകൾ
eagan,ഈഗന്,ഏഗൻ
jhunjhunu,ജുൻജുനു,ജുഞ്ചുന
mahaadeevaksheethrattile,മഹാദേവക്ഷേത്രത്തിലെ,മഹാദീവകേശീത്രത്തിലെ
thirichchadiyakum,തിരിച്ചടിയാകും,തിരിച്ചചിടയികു
prasarananggal,പ്രസരണങ്ങള്,പ്രസരണങ്ങ്ങ
edeesion,എഡിസൺ,ഇഡീഷൻ
aanni,ആനി,ആന്
adeeshanal,അഡീഷനൽ,അദീശനൽ
agencikalkk,ഏജൻസികൾക്ക്,അഗെൻകികൾക്ക
divasathin,ദിവസത്തിന്,ദിവസത്തിൻ
bruvariyude,ബ്രുവറിയുടെ,ബ്രുവരിയുടെ
boliwiya,ബൊളീവിയ,ബോളിവിയ
anweshanathethanne,അന്വേഷണത്തെത്തന്നെ,അന്വേഷണത്തെന്തനെ
dolarraanu,ഡോളറാണ്,ഡോളറ്റാ
vargas,വർഗാസ്,വൂർഫാസ
look,ലോക്ക്,ലൂക്
samaranagl,സമരങ്ങൾ,സമരണഗിൽ
aapplikkeshanukalum,ആപ്ലിക്കേഷനുകളും,ആപ്പിള്ക്ഷേഷനുകള
heeroshimaa,ഹിരോഷിമ,ഹീരോഷിമ
bhadauriya,ഭടൂരിയ,ഭദൂരിയ
gray,ഗ്രേ,ഗ്രെ
kammyoonisam,കമ്യൂണിസം,കമ്മൂണിസം
pragalbharaya,പ്രഗല്ഭരായ,പ്രഗംഭാരയ
ulpatthi,ഉല്പത്തി,ഉൾപത്തി
murivettu,മുറിവേറ്റു,മുറിവേറ്റ്
pramaanichhu,പ്രമാണിച്ച്,പ്രമാണിച്ചു
elaktroniks,ഇലക്ട്രോണിക്സ്,ഇലക്ട്രോണിക്ക്
vilsan,വിൽസൻ,വിൽസാ
zamaiiccan,ജമൈക്കൻ,സാമൈയ്ക
thiranjjetukkaam,തിരഞ്ഞെടുക്കാൻ,തിരഞ്ഞെട്ടുക്ക
madgaon,മഡ്ഗാവ്,മഡ്ഗാൻ
tyres,ടയേര്സ്,ഊഝഝഝ
valichherinjnjathennum,വലിച്ചെറിഞ്ഞതെന്നും,വലിച്ചെറിഞ്ഞിത്തന്ന
baxter,ബാക്സ്റ്റർ,ബയുർർ
saharsa,സഹര്സ,സഹർസ
adachchittaayirunnu,അടച്ചിട്ടായിരുന്നു,അടച്ചിട്ടിടായിരുന്
theerumanich,തീരുമാനിച്ച്,തീരുമണിച്ച്
basirhat,ബസിര്ഹത്,ബസിർഹത്ത
herman,ഹെര്മന്,ഹെർമൻ
eban,ഇബ്ൻ,എബൻ
gauwind,ഗോവിന്ദ്,ഗൌവിന്ദ്
rocqet,റോക്കറ്റ്,റോക്കെറ്റ
blufph,ബ്ലഫ്,ബ്ലീഫ
zerri,ജെറി,സെരി
guevara,ഗുവേര,ഗൂവര
sekharichchirikkunna,ശേഖരിച്ചിരിക്കുന്ന,സേഖരിച്ചിരിക്കുന്ന
gaori,ഗ<unk>രി,ഗാരി
kaanan,കാനൻ,കാണാ
jeevan,ജീവന്,ജീവൻ
baltti,ബൾട്ടി,ബാൽറ്റ
atangngal,അറ്റങ്ങൾ,അടാങ്ങ്ങ
charlotte,ഷാര്ലറ്റ്,ചാല്ലോട്ട
sahapravarththakar,സഹപ്രവർത്തകർ,സഹപ്രവർത്തക്
dalton,ഡാല്ട്ടണ്,ഡൽറ്റൻ
margangalundennu,മാർഗങ്ങളുണ്ടെന്ന്,മർഗ്ഗങ്ങളുണ്ടെന്ന
kizhakkunokininnu,കിഴക്കുനോക്കിനിന്ന്,കിഴക്കുനോകിനിന്ന്
gothanpundaayirunnu,ഗോതമ്പുണ്ടായിരുന്നു,ഗോതൻപുണ്ടായിരുന്നു
thadanjukontayirunnu,തടഞ്ഞുകൊണ്ടായിരുന്നു,തടഞ്ഞുകൊണ്ടിരിയുന്നു
sound,സ<unk>ണ്ട്,സൌണ്ട്
garudaa,ഗരുഡ,ഗാരു
theccha,തേച്ച,തെച്ച
narwar,നർവാർ,നേർവർ
jarri,ജെറി,ജരി
muttam,മുറ്റം,മുട്ടം
mattivaykkunna,മാറ്റിവയ്ക്കുന്ന,മറ്റിവയ്ക്കുന്ന
hearoshimaa,ഹിരോഷിമ,ഹീരോഷിമ
shaffer,ഷാഫെര്,ഝഝഝഝഓഝ
phlaish,ഫ്ലാഷ്,ഫിയിഷ്
aniyathritha,അനിയന്ത്രിത,അനിയതൃത്ത
contracts,കോണ്ട്രാക്റ്റ്സ്,കോൺട്രാക്ക്റ്റ്
oyil,ഓയിൽ,ഒയിൽ
ethuka,എത്തുക,എതുക
cherinj,ചെരിഞ്ഞ്,ചേരിഞ്
eprakaaram,ഇപ്രകാരം,എപ്രകാരം
valivu,വലിവ്,വലിവു
chaibasa,ചായ്ബാസാ,ചൈബാസ
thadakathilethichath,തടാകത്തിലെത്തിച്ചത്,തടകത്തിലെത്തിച്ചത്
ekhama,ഇഖാമ,ഏഖമ
nagercoil,നാഗര്കോവില്,നാഗർക്കിൽ
charles,ചാൾസ്,ഹർണിസ
mavibhushan,മവിഭൂഷൺ,മവിഭുഷൻ
landanilum,ലണ്ടനിലും,ലാൻഡനിലും
jaipurile,ജയ്പൂരിലെ,ജെയ്പുരില
mannathu,മന്നത്ത്,മണ്ണത്ത്
grahangngalilekkumulla,ഗ്രഹങ്ങളിലേക്കുമുള്ള,ഗ്രഹങ്ങ്ങളിലേക്കുമുള
shaniyaazhcha,ശനിയാഴ്ച്ച,ശനിയാഴ്ച
athokkeyalle,അതൊക്കെയല്ലെ,അതോക്കേയല്ലേ
veediyokal,വിഡിയോകൾ,വീഡിയോകൾ
eranaakulam,എറണാകുളം,ഇറണാകുളം
cheyyanamennagrahichha,ചെയ്യണമെന്നാഗ്രഹിച്ച,ചെയ്യനമെന്നാഗ്രഹിച്ച
chembanvayalil,ചെമ്പൻവയലിൽ,ചെമ്പൻവയാളി
durgavansh,ദുർഗവംശ്,ദുർഗവൻഷ്
heritage,ഹെറിറ്റേജ്,ഹെറിറഗഗെ
avalokanangngal,അവലോകനങ്ങൾ,അവളോകനങ്ങ്
kuthhetu,കുത്തേറ്റു,കുത്തേത്
sayyayorukki,ശയ്യയൊരുക്കി,സയ്യയൊരുക്കി
viswasathinte,വിശ്വാസത്തിന്റെ,വിശ്വസത്തിന്റെ
pushkar,പുഷ്കര്,പുഷ്കാർ
ethellaam,ഇതെല്ലാം,ഏതെല്ലാം
randhawa,രന്താവ,രന്ധവ
channelukalil,ചാനലുകളിൽ,ചന്നെലുകള
aavashyangngalaanennum,ആവശ്യങ്ങളാണെന്നും,ആവശ്യങ്ങ്ങളാണെന്ന
pathinnalam,പതിന്നാലാം,പതിന്നലം
ramkrishna,രാംകൃഷ്ണ,രംകൃഷ്ണ
mastek,മാസ്ടെക്,മസ്റ്റേക
meecqi,മിക്കി,മീക്കി
mohanrajineyan,മോഹൻരാജിനെയാണ്,മോഹന്രാജിനേയൻ
asamghaditharakki,അസംഘടിതരാക്കി,അസംഘടിത്തരക്ക
plyboards,പ്ലൈബോർഡ്സ്,പ്യോബൈർസിസി
charleston,ചാൾസ്ടൺ,ചാർലസ്റ
rekhayanam,രേഖായനം,രേഖയനം
thaamasichchulloo,താമസിച്ചുള്ളൂ,താമസിച്ചുള്ളു
springfield,സ്പ്രിംഗ്ഫീൽഡ്,സ്പ്രിൻജിൽഡ്
valichizhachukondanu,വലിച്ചിഴച്ചുകൊണ്ടാണ്,വലിച്ചിച്ചുകൊണ്ടണ്ട്
ddeshichchathinaalaan,ദ്ദേശിച്ചതിനാലാണ്,ദ്ദേശിച്ചതിന്നാലാ
parbhani,പ്രഭാനി,പർഭാനി
ithodanubandhich,ഇതോടനുബന്ധിച്ച്,ഇതോടനുബന്ധിന്ച്
srinivaasan,ശ്രീനിവാസൻ,ശ്രീനിവാസന
thattiyedukkalinethire,തട്ടിയെടുക്കലിനെതിരെ,തട്ടിയെടുക്കിലെനിതിര
affle,ആഫ്ലെ,അഫിലെ
kananumuntayirunnu,കാണാനുമുണ്ടായിരുന്നു,കണണുമുന്നറിയുന്നു
chicopee,ചികോപീ,ചിക്കോ
congress,കോൺഗ്രസ്സ്,കോണിസുസെ
panjchaabil,പഞ്ചാബിൽ,പഞ്ച്ചാബ
shankdhar,ശംഖ്ധർ,ശാൻക്ധ
angeekaramavukayum,അംഗീകാരമാവുകയും,അംഗീകരമാവുകയും
niranjanee,നിരഞ്ജനേ,നിറഞ്ഞീന
kalabham,കളഭം,കലാഭ
pennukittathirunna,പെണ്ണുകിട്ടാതിരുന്ന,പെണ്ണുകിട്ടിതിരുന്ന
airtel,എയർടെല്,എയർട്ടെ
ammaykku,അമ്മക്ക്,അമ്മയ്ക്
rapids,റാപിഡ്സ്,രാപിസിസ്
vizianagaram,വിസ്യനഗരം,വിസിനാഗരം
learn,ലേൺ,ലീൻ
sevagram,സേവാഗ്രാം,സേവഗ്രം
muthoot,മുത്തൂറ്റ്,മുത്തൂത്ത്
kaandamrugam,കാണ്ടാമൃഗം,കാണ്ടമൃഗം
ogden,ഓഗ്ദെന്,ഓഗ്ൻദൻ
kenalukal,കെനലുകൾ,കേനലുകൾ
merae,മേരെ,മീരാ
sons,സൺസ്,സോസി
keshwani,കേശ്വാണി,കേശ്വാനി
kolara,കോളറ,കൊളറ
tee,ടീ,
kolapaathakangngalum,കൊലപാതകങ്ങളും,കൊലപാതകങ്ങങ്ങ
varthamanakalathe,വർത്തമാനകാലത്തെ,വർത്തമനകളത്തെ
nanuththa,നനുത്ത,നാണുത്
punjab,പഞ്ചാബ്,പുഞ്ജാഫ
heroshima,ഹിരോഷിമ,ഹെറോഷിമ
saadryashyam,സാദൃശ്യം,സാദ്ര്യശ
fineotex,ഫൈനോടെക്സ്,ഫിനോറെട്
farmer,ഫാർമർ,ജൂർബി
sivazi,ശിവാജി,ശിവാസി
aakaagrutha,ഏകാഗ്രത,ആകാഗൃത
arthur,ആർത്തൂർ,ആർതൂർ
turist,ടൂറിസ്റ്റ്,ട്രൂസ്റ്റ്
unclennodu,അങ്കിളെന്നോട്,ഉൺക്ലെന്നോട്
mathura,മഥുര,മതുര
peeddippikkukayum,പീഢിപ്പിക്കുകയും,പീഡിപ്പിക്കിക്കയ
apekshikkan,അപേക്ഷിക്കാൻ,അപേക്ഷിക്കൻ
garuuda,ഗരുഡ,ഗാരു
khaliq,ഖാലിക്,ഖലിക്ക
kebil,കേബിൾ,കേബിൽ
pithaakkanmaarumaayi,പിതാക്കൻമാരായി,പിതാക്കന്മാരുമ
garudan,ഗരുഡൻ,ഗരുദൻ
ayeshhaa,ആയിഷ,അയേശ
jamaiqa,ജമൈക്ക,ജാമൈക
tayde,ടെയ്ഡെ,ടയ്ടെ
chaayapodiyaan,ചായപൊടിയാണ്,ചായപോടിയാണ്
amgeekarikkunnavarood,അംഗീകരിക്കുന്നവരോട്,അംഗീകരിക്കുന്നവരാട്
kaavikkodiyumpidichha,കാവിക്കൊടിയുംപിടിച്ച,കാവിക്കിടിയുപിടിച്ചി
johari,ജോഹരി,ജോഹാര
chodippichchathu,ചൊടിപ്പിച്ചത്,ചോദിപ്പിച്ചത്
slokangalude,ശ്ലോകങ്ങളുടെ,സ്ലോകങ്ങളുടെ
elies,ഏലിയാസ്,ഉഝഓഝഝഝഝ
pount,പൌണ്ട്,പൌന്ത്
electronic,ഇലക്ട്രോണിക്,ഇലക്ക്രോണിക്
parlour,പാർലർ,പരളൂർ
karuthhutta,കരുത്തുറ്റ,കരുതുത്ട്ട
eboola,എബോള,എബൂല
nobel,നോബെൽ,നൊബെൽ
lehi,ലെഹി,ലെയി
bykkilethiya,ബൈക്കിലെത്തിയ,ബിക്കിലെത്തിയ
foley,ഫോളി,ഫോലി
